season,team,conference,offense_passingPlays_explosiveness,offense_passingPlays_successRate,offense_passingPlays_totalPPA,offense_passingPlays_ppa,offense_passingPlays_rate,offense_rushingPlays_explosiveness,offense_rushingPlays_successRate,offense_rushingPlays_totalPPA,offense_rushingPlays_ppa,offense_rushingPlays_rate,offense_passingDowns_explosiveness,offense_passingDowns_successRate,offense_passingDowns_ppa,offense_passingDowns_rate,offense_standardDowns_explosiveness,offense_standardDowns_successRate,offense_standardDowns_ppa,offense_standardDowns_rate,offense_havoc_db,offense_havoc_frontSeven,offense_havoc_total,offense_fieldPosition_averagePredictedPoints,offense_fieldPosition_averageStart,offense_pointsPerOpportunity,offense_totalOpportunies,offense_openFieldYardsTotal,offense_openFieldYards,offense_secondLevelYardsTotal,offense_secondLevelYards,offense_lineYardsTotal,offense_lineYards,offense_stuffRate,offense_powerSuccess,offense_explosiveness,offense_successRate,offense_totalPPA,offense_ppa,offense_drives,offense_plays,defense_passingPlays_explosiveness,defense_passingPlays_successRate,defense_passingPlays_totalPPA,defense_passingPlays_ppa,defense_passingPlays_rate,defense_rushingPlays_explosiveness,defense_rushingPlays_successRate,defense_rushingPlays_totalPPA,defense_rushingPlays_ppa,defense_rushingPlays_rate,defense_passingDowns_explosiveness,defense_passingDowns_successRate,defense_passingDowns_totalPPA,defense_passingDowns_ppa,defense_passingDowns_rate,defense_standardDowns_explosiveness,defense_standardDowns_successRate,defense_standardDowns_ppa,defense_standardDowns_rate,defense_havoc_db,defense_havoc_frontSeven,defense_havoc_total,defense_fieldPosition_averagePredictedPoints,defense_fieldPosition_averageStart,defense_pointsPerOpportunity,defense_totalOpportunies,defense_openFieldYardsTotal,defense_openFieldYards,defense_secondLevelYardsTotal,defense_secondLevelYards,defense_lineYardsTotal,defense_lineYards,defense_stuffRate,defense_powerSuccess,defense_explosiveness,defense_successRate,defense_totalPPA,defense_ppa,defense_drives,defense_plays
2025,Air Force,Mountain West,2.1339353422617204,0.47093023255813954,93.77586349583213,0.5452085086966985,0.20899149453219928,0.9488883936121759,0.48205928237129486,146.50035004385626,0.228549688055938,0.778857837181045,2.0499775182066546,0.32323232323232326,0.3813883679106618,0.24058323207776428,1.0357838872062495,0.5248,0.25701296078457664,0.7594167679222357,0.024,0.066,0.09,1.24,71.8,4.597222222222222,72,603,0.9407176287051482,665,1.0374414976599065,2097,3.2709828393135725,0.11856474258970359,0.788235294117647,1.2013665208389686,0.47630619684082626,236.14799733667144,0.286935598221958,117,823,1.4647699209453076,0.5358166189111748,177.67094565063843,0.5090858041565571,0.49573863636363635,1.2026404587542565,0.45348837209302323,100.63017502175786,0.2925295785516217,0.48863636363636365,2.237736778119677,0.4030612244897959,177.67094565063843,0.7193821288935704,0.2784090909090909,1.1110343145030757,0.5295275590551181,0.27905256282365065,0.7215909090909091,0.044,0.063,0.107,-1.286,71.5,4.27536231884058,69,0,1.5581395348837208,411,1.194767441860465,1125,3.270058139534884,0.13953488372093023,0.7551020408163265,1.3668087243470741,0.4943181818181818,282.7575991775543,0.4016443170135715,118,704
2025,Akron,Mid-American,1.571895582607505,0.37850467289719625,72.03343420963373,0.1683024163776489,0.5047169811320755,0.7808170234058902,0.4225,4.753528371549288,0.01188382092887322,0.4716981132075472,1.9220479250102132,0.2762237762237762,0.15447875394917046,0.33726415094339623,0.9517066101753686,0.4555160142348754,0.02725666585309287,0.6627358490566038,0.077,0.102,0.179,1.37,70.6,3.2533333333333334,75,343,0.8575,446,1.115,1136,2.83875,0.2,0.7,1.180533368002093,0.39504716981132076,59.49916983890095,0.07016411537606243,155,848,1.6752433222687269,0.3850267379679144,85.38475713846981,0.22830148967505295,0.47281921618204803,1.013908915386198,0.4268292682926829,40.06095279327433,0.09770964095920569,0.5183312262958281,2.2391175453445795,0.2643171806167401,85.38475713846981,0.2728483384225946,0.28697850821744625,1.0977685169058167,0.4592198581560284,0.0944516165488795,0.7130214917825537,0.063,0.11,0.173,-1.542,68.3,3.684931506849315,73,0,1.4804878048780488,441,1.075609756097561,1192,2.90609756097561,0.2097560975609756,0.5967741935483871,1.3124423153582485,0.40328697850821743,115.20728455549701,0.14564764166308092,152,791
2025,Alabama,SEC,1.5685825238211195,0.4573502722323049,191.9551454300386,0.34837594451912635,0.5504495504495505,0.846773584504537,0.408675799086758,21.468213759156967,0.04901418666474193,0.43756243756243757,2.102769120042069,0.3310810810810811,0.424003445890901,0.2957042957042957,1.0284026463769493,0.475177304964539,0.11704484807418376,0.7042957042957043,0.053,0.082,0.135,1.415,69.7,4.042105263157895,95,290,0.6621004566210046,382,0.8721461187214612,1229,2.8059360730593608,0.1917808219178082,0.6774193548387096,1.2715618020794475,0.4325674325674326,208.02163787600625,0.2078138240519543,160,1001,1.5296629960071748,0.3794749403341289,51.05359659071221,0.12184629257926542,0.4544468546637744,1.005965167973173,0.378099173553719,32.56266916812994,0.06727824208291311,0.5249457700650759,2.011020756338081,0.2724458204334365,51.05359659071221,0.2249210939756243,0.35032537960954446,0.9820966389468422,0.4290484140233723,-0.011794732555584456,0.6496746203904555,0.064,0.113,0.177,-1.305,71.1,3.6521739130434785,69,0,1.1136363636363635,460,0.9504132231404959,1320,2.728099173553719,0.19834710743801653,0.75,1.2445468486002595,0.37418655097613884,65.58446855333156,0.07113282923354833,167,922
2025,App State,Sun Belt,1.5369248044964423,0.39579349904397704,92.94389188354751,0.17771298639301628,0.5623655913978495,0.7784335941151389,0.4318766066838046,27.590046083721113,0.07092556833861469,0.4182795698924731,1.867728676188728,0.30844155844155846,0.2704204573292141,0.3311827956989247,0.9693486911348758,0.45819935691318325,0.01165609432050271,0.6688172043010753,0.089,0.078,0.167,1.246,72.0,3.5,84,401,1.0308483290488433,408,1.0488431876606683,1159,2.9789203084832905,0.16709511568123395,0.7,1.193943687398339,0.40860215053763443,90.53959152475062,0.09735439948897917,154,930,1.4845097574719224,0.4530612244897959,144.9575694225091,0.2958317743316512,0.5168776371308017,0.8583330961101707,0.4527027027027027,40.87047441026264,0.09205061804113207,0.46835443037974683,2.0810030152912495,0.3311036789297659,144.9575694225091,0.3791679690703513,0.3154008438818565,0.921000940124718,0.50231124807396,0.08862926114449453,0.6845991561181435,0.068,0.097,0.165,-1.44,69.5,4.2439024390243905,82,0,1.105855855855856,462,1.0405405405405406,1275,2.8704954954954953,0.18018018018018017,0.703125,1.1912131882223336,0.44831223628691985,170.89161323481198,0.180265414804654,156,948
2025,Arizona,Big 12,1.4785051160738867,0.42735042735042733,95.68569691726543,0.20445661734458426,0.5176991150442478,1.03194850311795,0.42657342657342656,60.25249070132648,0.1404486962734883,0.4745575221238938,2.1115885161424024,0.2974910394265233,0.33553537090260926,0.3086283185840708,1.028931125344321,0.4832,0.0919725197533644,0.6913716814159292,0.058,0.089,0.147,1.648,66.3,3.6091954022988504,87,582,1.3566433566433567,520,1.2121212121212122,1337,3.116783216783217,0.1888111888111888,0.75,1.2623351862176737,0.4258849557522124,151.09719332768074,0.16714291297309816,154,904,1.6156878009235855,0.33080808080808083,45.61729845982686,0.1151951981308759,0.45569620253164556,0.9012132224166585,0.437219730941704,45.26510595026177,0.10149126894677526,0.5132336018411968,2.0991716683359956,0.2596491228070175,45.61729845982686,0.2237883439526864,0.32796317606444186,0.9322203039324204,0.4366438356164384,-0.005824930954362251,0.6720368239355581,0.094,0.108,0.202,-1.167,72.9,3.3833333333333333,60,0,0.8071748878923767,421,0.9439461883408071,1275,2.8591928251121077,0.18385650224215247,0.7049180327868853,1.1946956868073886,0.378596087456847,60.37791834916807,0.06947976795071124,154,869
2025,Arizona State,Big 12,1.6010074906605434,0.3844444444444444,99.7390855108252,0.22164241224627823,0.4751847940865892,0.9864299686391554,0.42857142857142855,56.83805305174941,0.11940767447846516,0.5026399155227033,1.941493592073545,0.284789644012945,0.2838845924629436,0.3262935586061246,1.0635106345473693,0.45297805642633227,0.05818998658412302,0.6737064413938754,0.07,0.099,0.168,1.255,72.3,3.3734939759036147,83,863,1.8130252100840336,597,1.254201680672269,1372,2.882983193277311,0.1953781512605042,0.631578947368421,1.2684509535455217,0.39809926082365366,124.84555051172008,0.13183268269453016,162,947,1.4697894253583008,0.3975409836065574,79.15201566119752,0.16219675340409329,0.5339168490153173,0.9374926108477162,0.4196642685851319,15.872895336854414,0.03806449721068205,0.4562363238512035,2.1063789358111467,0.2793103448275862,79.15201566119752,0.20999456484193743,0.3172866520787746,0.9744682415544165,0.46794871794871795,0.05266562508076553,0.6827133479212254,0.081,0.106,0.188,-1.572,67.8,3.458823529411765,85,0,1.0431654676258992,383,0.9184652278177458,1149,2.7553956834532376,0.21103117505995203,0.6944444444444444,1.2202719043822856,0.40809628008752735,93.76177385455955,0.10258399765269097,161,914
2025,Arkansas,SEC,1.6445549969877127,0.455,149.07640833650157,0.37269102084125394,0.5069708491761724,1.065916137092875,0.5249343832020997,106.00091320171413,0.2782176199520056,0.4828897338403042,2.3023053496806547,0.3760330578512397,0.5176987463639049,0.30671736375158426,1.0332207029772926,0.5356489945155393,0.206868816844998,0.6932826362484157,0.072,0.097,0.169,1.198,72.6,4.2,80,905,2.3753280839895012,582,1.5275590551181102,1288,3.38005249343832,0.1994750656167979,0.6607142857142857,1.3339673249825164,0.4866920152091255,238.4403394342789,0.3022057534021279,131,789,1.7276295223155422,0.4475920679886686,153.3918054623117,0.4345376925277952,0.4304878048780488,0.958417296695746,0.48123620309050774,74.85260521169809,0.16523753909867128,0.552439024390244,2.1430363749814267,0.359375,153.3918054623117,0.4575705051886798,0.3121951219512195,1.002558561952282,0.5053191489361702,0.15245202577469294,0.6878048780487804,0.063,0.09,0.154,-1.274,71.5,4.2125,80,0,1.4525386313465785,562,1.240618101545254,1328,2.9322295805739516,0.20088300220750552,0.6724137931034483,1.2808714500124447,0.45975609756097563,203.12099186522886,0.24770852666491325,134,820
2025,Arkansas State,Sun Belt,1.412561703363055,0.44095940959409596,124.4830207689363,0.229673470053388,0.5524974515800204,0.7933449067111341,0.39436619718309857,-15.162746551943428,-0.035593301765125415,0.43425076452599387,2.127079741375332,0.2876712328767123,0.28103043379148,0.2976554536187564,0.9041526624882469,0.4746008708272859,0.009311054139810267,0.7023445463812437,0.078,0.1,0.178,1.435,69.6,3.3068181818181817,88,330,0.7746478873239436,382,0.8967136150234741,1096,2.573239436619718,0.2136150234741784,0.6825396825396826,1.1540939632826877,0.41896024464831805,88.47620296944143,0.0901898093470351,157,981,1.572259002209902,0.4413145539906103,132.1885996564079,0.31030187712771806,0.46864686468646866,1.0173092542374251,0.4337606837606838,55.6207284023717,0.11884771026147799,0.5148514851485149,2.1704687361641866,0.32,132.1885996564079,0.4101427137584264,0.3025302530253025,1.0429276252032398,0.48580441640378547,0.09798796619363301,0.6974697469746974,0.049,0.106,0.155,-1.262,72.2,3.9,80,0,1.4166666666666667,527,1.126068376068376,1286,2.7472222222222222,0.19444444444444445,0.6862745098039216,1.2934923165278946,0.43564356435643564,174.91361685033058,0.1924242209574594,159,909
2025,Army,American Athletic,2.4143647193309725,0.3779527559055118,58.33306862140858,0.45931550095597307,0.14614499424626007,0.9461124811237499,0.42954856361149113,104.86887630304768,0.14345947510676837,0.8411967779056386,1.7147623142322006,0.2863247863247863,0.2276687917653162,0.26927502876869963,1.0160950755161147,0.47244094488188976,0.16971060051631828,0.7307249712313003,0.013,0.07,0.083,1.417,69.7,3.7,70,615,0.841313269493844,570,0.7797537619699042,2223,3.0404924760601917,0.13132694938440492,0.780952380952381,1.1436446804043374,0.4223245109321059,161.0407286009461,0.185317294132274,123,869,1.442032432731797,0.4598337950138504,108.03589211482542,0.2992683992100427,0.4535175879396985,0.8371972351036948,0.4489311163895487,39.778420592390574,0.09448555960187785,0.5288944723618091,1.9120399988381775,0.2894736842105263,108.03589211482542,0.23412259712661138,0.2864321608040201,0.9369220074838239,0.5123239436619719,0.1512754743058706,0.7135678391959799,0.052,0.075,0.127,-1.417,69.8,3.764705882352941,68,0,0.9406175771971497,450,1.0688836104513064,1325,3.1470308788598573,0.16152019002375298,0.7169811320754716,1.1171959218518557,0.4484924623115578,139.3044215506019,0.17500555471181142,120,796
2025,Auburn,SEC,1.30784270382185,0.40759493670886077,55.27534309720988,0.13993757746129082,0.47762998790810157,1.0187821775878596,0.47129186602870815,99.72929837842157,0.23858683822588894,0.5054413542926239,1.96205257988509,0.2734375,0.2122982008838963,0.309552599758162,0.9587200243403311,0.5078809106830122,0.1549563944231502,0.6904474002418379,0.056,0.112,0.168,1.189,73.2,3.903225806451613,62,650,1.555023923444976,527,1.2607655502392343,1307,3.1270334928229664,0.16267942583732056,0.8,1.1538124656962565,0.43530834340991537,142.82844064189624,0.17270669968790353,135,827,1.5814848211271055,0.42892156862745096,106.89989066668902,0.2620095359477672,0.504950495049505,0.8855539440180515,0.32051282051282054,-43.8838025310211,-0.11252257059236179,0.48267326732673266,1.9751252527628094,0.29850746268656714,106.89989066668902,0.2741742683329347,0.3316831683168317,1.041833850707189,0.4111111111111111,-0.046412500927255164,0.6683168316831684,0.054,0.112,0.166,-1.267,71.3,3.373134328358209,67,0,0.6461538461538462,301,0.7717948717948718,868,2.2258974358974357,0.26666666666666666,0.7,1.289063361185499,0.37376237623762376,48.4159534125087,0.05992073442142166,137,808
2025,Ball State,Mid-American,1.6017624617337671,0.3081761006289308,-9.22284756929511,-0.029002665312248776,0.4320652173913043,1.067376216662656,0.3399503722084367,12.680984483546721,0.031466462738329336,0.5475543478260869,2.015321165988115,0.2188679245283019,0.061687596944636235,0.360054347826087,1.0999478338082396,0.3842887473460722,-0.03676165190750773,0.6399456521739131,0.053,0.157,0.21,1.235,72.3,2.706896551724138,58,559,1.3870967741935485,369,0.9156327543424317,1011,2.509677419354839,0.21588089330024815,0.6097560975609756,1.3220886424544018,0.32472826086956524,-0.9675248581075369,-0.0013145718180808924,140,736,1.5648421620481465,0.44505494505494503,115.97303113288538,0.31860722838704775,0.4527363184079602,1.0140326336562595,0.460093896713615,61.407207637674766,0.14414837473632575,0.5298507462686567,1.9899981409069873,0.32916666666666666,115.97303113288538,0.34500555655662435,0.29850746268656714,1.0566025920400832,0.49645390070921985,0.11360141171732505,0.7014925373134329,0.054,0.087,0.14,-1.519,68.7,3.5657894736842106,76,0,1.5375586854460095,465,1.091549295774648,1256,2.947887323943662,0.2112676056338028,0.6086956521739131,1.2620016125428282,0.4465174129353234,146.87252978216117,0.18267727584845916,143,804
2025,Baylor,Big 12,1.5492314154084224,0.4425612052730697,130.71469046122175,0.2461670253507001,0.5752979414951246,0.9125354672163388,0.46419098143236076,60.37885430727258,0.1601561122208822,0.4084507042253521,2.1105949326986875,0.35,0.4419064283072111,0.30335861321776814,1.0248362368178612,0.48989113530326595,0.08402309863668204,0.6966413867822319,0.063,0.083,0.146,1.303,71.5,3.6941176470588233,85,391,1.0371352785145889,341,0.9045092838196287,1166,3.0920424403183024,0.16180371352785147,0.7704918032786885,1.2824738934675488,0.447453954496208,177.76065234940566,0.19259008921929108,144,923,1.4071170081180426,0.43023255813953487,85.2395019524168,0.24778924986167675,0.4174757281553398,0.9590671379945463,0.45064377682403434,63.44945890978268,0.1361576371454564,0.5655339805825242,1.7277659357990938,0.28085106382978725,85.2395019524168,0.23015612433666324,0.28519417475728154,1.0344037781648454,0.499151103565365,0.1500851206664598,0.7148058252427184,0.055,0.068,0.123,-1.336,70.8,4.295774647887324,71,0,1.2789699570815452,501,1.0751072961373391,1458,3.1293991416309015,0.148068669527897,0.8928571428571429,1.1615201737311243,0.4368932038834951,142.4868252916607,0.17292090448017072,145,824
2025,Boise State,Mountain West,1.6172394893063167,0.4061224489795918,123.57252341265992,0.2521888232911427,0.4748062015503876,1.0123295934540053,0.4117647058823529,67.2389773605698,0.12758819233504706,0.5106589147286822,1.9081875530736876,0.3170028818443804,0.30523467282960437,0.33624031007751937,1.0878899747954365,0.4554744525547445,0.10861749590391087,0.6637596899224806,0.059,0.082,0.141,1.461,69.4,3.6595744680851063,94,724,1.3738140417457305,527,1.0,1590,3.0174573055028464,0.17077798861480076,0.7746478873239436,1.3017116184224686,0.40891472868217055,180.31941616605167,0.17472811643997255,174,1032,1.6857088456232723,0.3117505995203837,13.627457421298262,0.032679754007909505,0.47494305239179957,1.2409364225282526,0.40224719101123596,89.72367381216965,0.2016262332857745,0.5068337129840547,2.007184468477353,0.2672672672672673,13.627457421298262,0.1726432839776844,0.3792710706150342,1.1945750041539562,0.4055045871559633,0.05498317357470524,0.6207289293849658,0.056,0.11,0.166,-1.285,71.4,4.136986301369863,73,0,1.7685393258426967,528,1.1865168539325843,1322,2.9703370786516854,0.2,0.673469387755102,1.4278725600403508,0.3530751708428246,87.45604316278326,0.09960824961592626,174,878
2025,Boston College,ACC,1.4647571282689935,0.43209876543209874,123.5565495099805,0.25423158335386936,0.5724381625441696,0.830917914554215,0.4358974358974359,16.448062975264566,0.046860578277107025,0.4134275618374558,1.9585021948307746,0.3203125,0.32326701665866914,0.30153121319199055,0.9985547201388331,0.4772344013490725,0.09060848234573483,0.6984687868080094,0.067,0.098,0.165,1.206,72.4,3.3943661971830985,71,363,1.0341880341880343,316,0.9002849002849003,961,2.7376068376068377,0.1737891737891738,0.8,1.2142141528093513,0.4299175500588928,136.48718629564004,0.16076229245658427,144,849,1.7012531839855554,0.42118863049095606,139.78562764534914,0.3612031722102045,0.4725274725274725,1.0503120954942406,0.4423076923076923,60.24926218341939,0.14482995717168123,0.5079365079365079,1.9354237565980212,0.3487394957983193,139.78562764534914,0.3907671705167253,0.2905982905982906,1.1902273396175003,0.4612736660929432,0.17064658264523905,0.7094017094017094,0.05,0.072,0.123,-1.441,69.5,3.8219178082191783,73,0,1.6682692307692308,437,1.0504807692307692,1199,2.882451923076923,0.19230769230769232,0.71875,1.3664418769661706,0.42857142857142855,192.1482510998645,0.23461324920618376,146,819
2025,Bowling Green,Mid-American,1.5857400616747952,0.35294117647058826,14.91120919100355,0.0487294418006652,0.4,0.9760849151195786,0.37020316027088035,20.050030245620178,0.04525966195399589,0.5790849673202615,2.0464609139809564,0.2578125,0.2057567207597822,0.33464052287581697,0.9845920828644664,0.4106090373280943,-0.06301658091855136,0.665359477124183,0.059,0.101,0.16,1.505,69.0,3.1904761904761907,63,432,0.9751693002257337,431,0.9729119638826185,1278,2.8851015801354403,0.1873589164785553,0.5932203389830508,1.239440602332424,0.35947712418300654,20.598280826961606,0.026925857290145887,143,765,1.5824620161968914,0.4169184290030212,89.57998811410565,0.2706344051785669,0.451568894952251,1.0613244314054113,0.39285714285714285,22.084901205079014,0.05633903368642606,0.5347885402455662,2.067757178305283,0.3008474576271186,89.57998811410565,0.3118710255923303,0.3219645293315143,1.0636907064252588,0.45472837022132795,0.06752542846267134,0.6780354706684857,0.066,0.125,0.19,-1.337,71.3,3.442857142857143,70,0,1.2525510204081634,421,1.0739795918367347,1062,2.7089285714285714,0.25510204081632654,0.574468085106383,1.3037200650228402,0.4051841746248295,107.16169998573761,0.14619604363674982,143,733
2025,Buffalo,Mid-American,1.4662895541937366,0.3813953488372093,73.83893295232257,0.17171844872633155,0.5149700598802395,0.8747971587019455,0.41581632653061223,2.148727840213848,0.005481448571974102,0.4694610778443114,1.9506258622698955,0.27007299270072993,0.2805553178113708,0.3281437125748503,0.9408575516107596,0.45811051693404636,-0.016600482278723367,0.6718562874251497,0.069,0.092,0.161,1.382,70.5,3.5,66,450,1.1479591836734695,358,0.9132653061224489,1097,2.798469387755102,0.17857142857142858,0.6964285714285714,1.166606358223376,0.3964071856287425,67.55928652195178,0.08090932517599016,158,835,1.5993933327249459,0.39295392953929537,75.51740891177874,0.20465422469316732,0.4377224199288256,0.9105553144069105,0.38344226579520696,21.485118657840893,0.046808537380916976,0.5444839857651246,1.6906717115146106,0.2826086956521739,75.51740891177874,0.18294348139553002,0.3274021352313167,1.0973525069769432,0.43915343915343913,0.06967472082953383,0.6725978647686833,0.053,0.1,0.153,-1.325,71.5,3.069444444444444,72,0,0.9084967320261438,433,0.9433551198257081,1339,2.9169934640522874,0.1786492374727669,0.6727272727272727,1.2388781887932676,0.3879003558718861,89.99796757551196,0.10675915489384574,158,843
2025,BYU,Big 12,1.4723941136225778,0.44552058111380144,120.14525683434518,0.29090861218969777,0.434279705573081,0.9537701826348627,0.472168905950096,103.51668231515363,0.1986884497411778,0.5478443743427971,2.0406816845843077,0.296028880866426,0.3320632291228106,0.2912723449001052,0.9799581525551738,0.526706231454006,0.1745209535159307,0.7087276550998949,0.059,0.078,0.136,1.339,71.2,4.032967032967033,91,549,1.053742802303263,611,1.1727447216890594,1575,3.0238003838771594,0.16314779270633398,0.8194444444444444,1.1789955201212814,0.45951629863301785,209.60863713675585,0.22040866155284525,153,951,1.436084797266494,0.3940677966101695,61.916259614120044,0.13117851613161027,0.5136017410228509,0.9456902185015174,0.38799076212471134,20.206955585741387,0.046667333916261856,0.47116430903155604,1.8221314895154375,0.24838709677419354,61.916259614120044,0.09348218992806916,0.3373231773667029,1.0313487520113145,0.4548440065681445,0.047938121626956064,0.6626768226332971,0.063,0.095,0.158,-1.296,71.2,3.2948717948717947,78,0,1.1224018475750577,402,0.9284064665127021,1186,2.7397228637413393,0.23094688221709006,0.7258064516129032,1.2033551666661662,0.3852013057671382,58.17379494851768,0.06330119145649367,163,919
2025,California,ACC,1.4521579097906425,0.43040293040293043,127.57485823480967,0.23365358651064042,0.5915492957746479,0.8659318416465966,0.3780821917808219,-13.636480921419247,-0.03736022170251849,0.39544962080173346,1.839589327651278,0.3378839590443686,0.3638544454450379,0.3174431202600217,1.030354089737922,0.4396825396825397,0.013222504351514995,0.6825568797399784,0.07,0.095,0.164,1.203,72.9,3.704225352112676,71,277,0.7589041095890411,274,0.7506849315068493,965,2.6427397260273975,0.1780821917808219,0.7037037037037037,1.2434240061034068,0.40736728060671723,114.93953025685055,0.12452820179507103,156,923,1.3886599061160967,0.3840909090909091,62.951817992628555,0.14307231361961034,0.505166475315729,0.9909757864161656,0.46116504854368934,79.25372194749404,0.19236340278517972,0.4730195177956372,1.7323743608006543,0.26881720430107525,62.951817992628555,0.1714493084175277,0.3203214695752009,1.041863553279934,0.49155405405405406,0.15802038329804838,0.6796785304247991,0.071,0.079,0.151,-1.409,70.3,3.689189189189189,74,0,1.2524271844660193,465,1.1286407766990292,1342,3.2563106796116505,0.1383495145631068,0.8301886792452831,1.1833616695751636,0.42020665901262916,141.3824239609349,0.16232195632713534,149,871
2025,Central Michigan,Mid-American,1.6038927981651485,0.44280442804428044,108.66270960973843,0.4009694081540163,0.3358116480793061,0.8977656473212157,0.3934740882917466,11.517411830766923,0.02210635668093459,0.6456009913258984,2.0738626866559096,0.2627450980392157,0.30749243676602234,0.3159851301115242,0.9264041708061921,0.47282608695652173,0.057688274333655164,0.6840148698884758,0.04,0.115,0.155,1.329,71.0,3.6,70,617,1.1842610364683301,494,0.9481765834932822,1456,2.795201535508637,0.19193857965451055,0.7301587301587301,1.160793562763299,0.40644361833952913,110.25449880751334,0.13662267510224702,147,807,1.4880815342051112,0.3822843822843823,54.1433625755477,0.12620830437190605,0.49825783972125437,0.8777910216351664,0.431980906921241,30.328481673321143,0.07238301115351108,0.48664343786295006,1.9490807326706092,0.2669172932330827,54.1433625755477,0.20478505649018114,0.3089430894308943,0.9671895099615129,0.4638655462184874,0.030595066829507835,0.6910569105691057,0.071,0.098,0.169,-1.414,70.1,3.135135135135135,74,0,1.2458233890214796,454,1.0835322195704058,1228,2.93054892601432,0.20047732696897375,0.6764705882352942,1.168095206827063,0.40301974448315914,72.67688978994535,0.08440986038321178,147,861
2025,Charlotte,American Athletic,1.6669747959621268,0.36061381074168797,48.29164768319914,0.12350805034066274,0.5370879120879121,0.6894782444154844,0.35185185185185186,-37.16685232280989,-0.11471250716916631,0.44505494505494503,1.8556587567734104,0.245136186770428,0.1221155700012881,0.35302197802197804,1.0209970246874407,0.4118895966029724,-0.07761359575478452,0.646978021978022,0.067,0.117,0.185,1.226,72.4,2.7254901960784315,51,135,0.4166666666666667,287,0.8858024691358025,740,2.2842592592592594,0.22839506172839505,0.65,1.2256028189341959,0.35302197802197804,-5.172302110172465,-0.007104810590896243,144,728,1.326127189804694,0.5248756218905473,122.75792386124803,0.3053679698040996,0.4626006904487917,0.850472439357075,0.5273522975929978,85.29456420028806,0.18664018424570694,0.525891829689298,2.0462855585424227,0.3242009132420091,122.75792386124803,0.32677913631631356,0.2520138089758343,0.8917737908467473,0.5892307692307692,0.19223082634034816,0.7479861910241657,0.036,0.07,0.106,-1.555,68.2,4.162790697674419,86,0,1.3107221006564551,555,1.2144420131291027,1482,3.2420131291028444,0.1400437636761488,0.8169014084507042,1.0723251906405644,0.522439585730725,196.51466797449896,0.22613885842865245,141,869
2025,Cincinnati,Big 12,1.6231658126346804,0.46195652173913043,159.5564503766038,0.4335773108059886,0.46938775510204084,1.0418624874937708,0.48737373737373735,92.20146722740967,0.23283198794800422,0.5051020408163265,2.199572449427231,0.3173913043478261,0.41844558070634363,0.29336734693877553,1.0999583934645891,0.5306859205776173,0.24891658808871509,0.7066326530612245,0.053,0.067,0.12,1.349,70.9,4.597402597402597,77,565,1.426767676767677,557,1.4065656565656566,1377,3.478282828282828,0.1590909090909091,0.7674418604651163,1.3186827152228258,0.46811224489795916,234.1422733636072,0.29865085888215204,140,784,1.4950523678512708,0.41911764705882354,101.99489605788044,0.24998749033794226,0.43918191603875134,0.9014300273948752,0.45614035087719296,74.252109857163,0.14474095488725733,0.5522066738428417,1.9469236884537062,0.3204633204633205,101.99489605788044,0.33216349811543405,0.27879440258342303,0.9529342196131133,0.48507462686567165,0.13470479054376197,0.721205597416577,0.043,0.079,0.122,-1.21,72.5,3.930555555555556,72,0,0.9668615984405458,498,0.9707602339181286,1643,3.2035087719298247,0.15009746588693956,0.7692307692307693,1.155142861558626,0.43918191603875134,176.28255567621795,0.18975517295610111,137,929
2025,Clemson,ACC,1.4857812387572003,0.4209445585215606,122.8308839908887,0.2522194743139398,0.5447427293064877,0.905880948272701,0.4413265306122449,39.38430451240376,0.10047016457245857,0.43847874720357943,1.8408230522980729,0.28793774319066145,0.21796783222275778,0.28747203579418346,1.0696207809873068,0.4835164835164835,0.1615492358260828,0.7125279642058165,0.063,0.088,0.151,1.423,69.7,3.7974683544303796,79,313,0.798469387755102,402,1.0255102040816326,1194,3.0466836734693876,0.17346938775510204,0.75,1.2190159853773506,0.4272930648769575,158.9245961024635,0.17776800458888534,151,894,1.6726292132363927,0.3564356435643564,84.28417217305099,0.16689935083772472,0.5778032036613272,0.9272233422208765,0.403899721448468,12.652147817989098,0.03524275158214234,0.4107551487414188,2.037172844929408,0.2861635220125786,84.28417217305099,0.2350372243411814,0.36384439359267734,1.0707381867445684,0.4226618705035971,0.014303847843196087,0.6361556064073226,0.084,0.112,0.196,-1.175,73.0,2.6842105263157894,76,0,0.9554317548746518,389,1.083565459610028,978,2.7242339832869082,0.22284122562674094,0.8409090909090909,1.3405098244587415,0.37299771167048057,82.69477674131271,0.0946164493607697,154,874
2025,Coastal Carolina,Sun Belt,1.6764306071381292,0.315136476426799,42.95448691553628,0.10658681616758382,0.46375143843498273,0.9606248691086087,0.40618101545253865,19.117779198668355,0.04220260308756811,0.5212888377445339,1.9943225868294507,0.2662337662337662,0.16543851457546985,0.35443037974683544,0.9948078985417872,0.41354723707664887,0.0056403168199473126,0.6455696202531646,0.068,0.117,0.185,1.414,69.9,3.8,65,595,1.3134657836644592,469,1.0353200883002207,1190,2.6271523178807947,0.2141280353200883,0.6666666666666666,1.2558276579035337,0.3613348676639816,54.11928022523516,0.06227765273329708,176,869,1.5506105685601945,0.4221698113207547,121.42007431305595,0.28636809979494326,0.4458464773922187,1.0393043812996205,0.46484375,98.13319529400093,0.19166639705859556,0.5383806519453207,2.0971858181323086,0.3230240549828179,121.42007431305595,0.3786381583478803,0.305993690851735,1.0280183830264802,0.49393939393939396,0.12499551434200737,0.694006309148265,0.054,0.099,0.153,-1.493,68.8,3.6063829787234045,94,0,1.65625,640,1.25,1579,3.083984375,0.17578125,0.6666666666666666,1.2673082375501656,0.4416403785488959,192.68074354495803,0.2026085631387571,171,951
2025,Colorado,Big 12,1.7188302432632407,0.34438775510204084,60.929173470808976,0.1554315649765535,0.49246231155778897,1.0293483238248946,0.35805626598465473,14.821396696368366,0.037906385412706814,0.49120603015075376,2.097615389890283,0.2980132450331126,0.298321911943256,0.3793969849246231,1.0323217680531453,0.3805668016194332,-0.04712106556888662,0.6206030150753769,0.06,0.137,0.197,1.302,71.3,3.4838709677419355,62,457,1.1687979539641944,407,1.040920716112532,1048,2.679539641943734,0.22506393861892582,0.6428571428571429,1.377200998144305,0.3492462311557789,66.81541101583333,0.08393895856260469,145,796,1.7831857104946793,0.4074074074074074,106.8550029181044,0.32979939172254447,0.38848920863309355,1.0669818150286134,0.4408817635270541,65.46737423373666,0.1311971427529793,0.5983213429256595,2.200503427656947,0.2840466926070039,106.8550029181044,0.26425478299603056,0.30815347721822545,1.1074865997668313,0.4852686308492201,0.15680964746608692,0.6918465227817746,0.058,0.093,0.151,-1.364,70.4,4.0131578947368425,76,0,1.8076152304609219,592,1.186372745490982,1489,2.984168336673347,0.19438877755511022,0.6875,1.3335212412285267,0.42326139088729015,158.39264581791198,0.18991923958982254,147,834
2025,Colorado State,Mountain West,1.522506482717295,0.37259615384615385,83.06220681458782,0.19966876638122072,0.5466491458607096,0.8855080803006218,0.43543543543543545,26.206467389715826,0.07869810026941688,0.4375821287779238,1.9179040525401825,0.2814814814814815,0.23583847422282675,0.354796320630749,0.9741130048771943,0.4623217922606925,0.0599503113692875,0.6452036793692509,0.071,0.117,0.188,1.097,74.0,3.5185185185185186,54,273,0.8198198198198198,362,1.087087087087087,987,2.964864864864865,0.19519519519519518,0.5681818181818182,1.2108394722778117,0.39816031537450725,93.11199092248339,0.12235478439222522,133,761,1.738454697387947,0.4494047619047619,126.2181395534212,0.3756492248613726,0.4057971014492754,0.962736191323756,0.4560669456066946,81.20456031503399,0.16988401739546857,0.5772946859903382,1.9361538666823859,0.34347826086956523,126.2181395534212,0.3419746433811797,0.2777777777777778,1.1124040868661713,0.4899665551839465,0.1967118758349703,0.7222222222222222,0.062,0.07,0.132,-1.44,69.8,4.026315789473684,76,0,1.4686192468619248,514,1.0753138075313808,1562,3.2669456066945606,0.1589958158995816,0.75,1.2873401960206898,0.4492753623188406,196.2878697269836,0.23706264459780627,142,828
2025,Delaware,Conference USA,1.4368595469865701,0.43548387096774194,145.64696747628193,0.261016070746025,0.5830721003134797,1.002916859763788,0.4251968503937008,30.505836875963908,0.08006781332273992,0.3981191222570533,2.0699995847456307,0.2964169381107492,0.2862342402309963,0.3207941483803553,1.0619883511507378,0.4969230769230769,0.14844238350341096,0.6792058516196448,0.06,0.094,0.154,1.34,71.0,3.5172413793103448,87,521,1.3674540682414698,381,1.0,1090,2.8616797900262467,0.2047244094488189,0.7014925373134329,1.2835560377621755,0.43260188087774293,184.361461028133,0.19264520483608463,153,957,1.583075182361095,0.4457013574660634,128.1709377951223,0.2899794972740324,0.5039908779931584,1.2328662051216794,0.3847980997624703,70.33242851143045,0.16706040026468041,0.48004561003420754,2.1914236745131066,0.3356643356643357,128.1709377951223,0.4086200047203504,0.3261117445838084,1.1458601690654389,0.4500846023688663,0.11027343400685548,0.6738882554161916,0.053,0.105,0.158,-1.417,69.4,4.0375,80,0,1.8052256532066508,424,1.007125890736342,1183,2.8109263657957246,0.21852731591448932,0.6875,1.423136678797417,0.4127708095781072,182.03692084807182,0.20756775467282987,151,877
2025,Duke,ACC,1.5968501459608262,0.4646271510516252,199.2791079704942,0.38103079917876526,0.5414078674948241,0.976780406750664,0.45057471264367815,40.56392081953574,0.09325039268858791,0.4503105590062112,2.1612881424087003,0.33217993079584773,0.3878656815013479,0.2991718426501035,1.0969124858384411,0.5110782865583456,0.1840205910438671,0.7008281573498965,0.057,0.097,0.154,1.476,68.7,4.315789473684211,95,706,1.6229885057471265,479,1.1011494252873564,1232,2.831264367816092,0.21839080459770116,0.7049180327868853,1.3280890990301717,0.4575569358178054,236.6751220905876,0.24500530237120868,156,966,1.6160940580061818,0.46234309623430964,187.89484999993434,0.3930854602509086,0.4979166666666667,1.0211134103108348,0.42116630669546434,43.72104831128488,0.09442990995957858,0.4822916666666667,2.0388789449546256,0.33876221498371334,187.89484999993434,0.43414216220921914,0.31979166666666664,1.105172688148037,0.48085758039816234,0.12489163923485315,0.6802083333333333,0.055,0.117,0.172,-1.224,72.3,4.392857142857143,84,0,1.505399568034557,503,1.0863930885529158,1195,2.581425485961123,0.23758099352051837,0.734375,1.3374823788367576,0.4354166666666667,214.83588421858937,0.22378737939436394,160,960
2025,East Carolina,American Athletic,1.536406117397653,0.4700665188470067,150.08680051893836,0.332786697381238,0.44697720515361744,0.844511565104041,0.4542124542124542,56.91256143419421,0.1042354605021872,0.5411298315163529,1.8404930439524423,0.34191176470588236,0.38143759056798243,0.26957383548067393,0.9902026812871991,0.5006784260515604,0.1229922312114759,0.7304261645193261,0.049,0.08,0.129,1.511,68.8,3.758241758241758,91,403,0.7380952380952381,480,0.8791208791208791,1676,3.068681318681319,0.14285714285714285,0.7108433734939759,1.1613650270185143,0.4578790882061447,194.39629903734897,0.19266233799539045,166,1009,1.4575828738427088,0.386892177589852,71.47266830679634,0.15110500699111276,0.5296752519596865,1.0063816499196294,0.36855036855036855,-13.876959916174025,-0.03409572460976419,0.45576707726763716,1.8367970957612385,0.2639751552795031,71.47266830679634,0.15491289152634993,0.36058230683090703,1.048881594465328,0.4395796847635727,-0.009047721698378985,0.6394176931690929,0.056,0.135,0.191,-1.31,71.1,3.046153846153846,65,0,1.0982800982800982,417,1.0245700245700247,956,2.3486486486486484,0.2972972972972973,0.509090909090909,1.2482054564003053,0.3762597984322508,44.715701981710275,0.050073574447603894,157,893
2025,Eastern Michigan,Mid-American,1.5219779435865977,0.41330166270783847,123.33998252037306,0.2929690796208386,0.5134146341463415,0.9496587362369224,0.4498714652956298,51.39253485298465,0.13211448548325105,0.474390243902439,1.9865684594326871,0.32270916334661354,0.38455344690302234,0.30609756097560975,1.0070860530331989,0.4727592267135325,0.11762843610963887,0.6939024390243902,0.061,0.068,0.129,1.015,75.5,3.9545454545454546,66,385,0.9897172236503856,446,1.1465295629820051,1189,3.056555269922879,0.17994858611825193,0.640625,1.2337662670856517,0.4268292682926829,163.45349531904313,0.19933353087688185,135,820,1.5974845316190889,0.4416403785488959,110.15022432190271,0.34747704833407794,0.3791866028708134,1.0728119023431144,0.4457593688362919,104.93260332861445,0.20696765942527506,0.6064593301435407,1.690729818213861,0.33852140077821014,110.15022432190271,0.34161760271347763,0.30741626794258375,1.1715719052494626,0.4853195164075993,0.20959962472961974,0.6925837320574163,0.04,0.066,0.106,-1.409,69.5,3.8846153846153846,78,0,1.6666666666666667,586,1.155818540433925,1608,3.170611439842209,0.16962524654832348,0.7236842105263158,1.2943076074991982,0.44019138755980863,209.15390661581358,0.2501840988227435,140,836
2025,Florida,SEC,1.5145695700911492,0.38258575197889183,66.70284480968826,0.1759969520044545,0.5060080106809078,0.7623523057254854,0.4835164835164835,48.12812485401157,0.1322201232253065,0.48598130841121495,1.8836330060829052,0.2744186046511628,0.21289782069306706,0.2870493991989319,0.9261536111145445,0.49063670411985016,0.10851800983326636,0.7129506008010681,0.057,0.095,0.152,1.228,72.3,4.0,59,304,0.8351648351648352,391,1.0741758241758241,1192,3.2744505494505494,0.14835164835164835,0.7631578947368421,1.1021389204701,0.42857142857142855,103.72164869997364,0.1384801718290703,131,749,1.5878170619400658,0.43768115942028984,98.45200242875738,0.28536812298190545,0.4356060606060606,0.9275425346506958,0.42691415313225056,36.67479906167883,0.08509234121039172,0.5441919191919192,2.2692243180505915,0.27419354838709675,98.45200242875738,0.28189074545442405,0.31313131313131315,0.992507610839177,0.5,0.12125160622672422,0.6868686868686869,0.054,0.091,0.145,-1.383,69.8,3.460526315789474,76,0,1.134570765661253,360,0.8352668213457076,1196,2.7749419953596286,0.1740139211136891,0.8059701492537313,1.24785095228146,0.4292929292929293,135.86977866003514,0.1715527508333777,135,792
2025,Florida Atlantic,American Athletic,1.630806520829366,0.4048865619546248,160.75244208418283,0.28054527414342556,0.6255458515283843,1.0054189294200855,0.41284403669724773,14.78447001065985,0.04521244651577936,0.3569868995633188,2.1771370325605934,0.290625,0.3247595482548745,0.34934497816593885,1.1366254179151165,0.46308724832214765,0.07087012165030156,0.6506550218340611,0.078,0.1,0.178,1.422,69.5,3.493827160493827,81,261,0.7981651376146789,336,1.0275229357798166,918,2.805810397553517,0.17737003058103976,0.7704918032786885,1.3988681825818627,0.4028384279475983,146.16164794513958,0.15956511784403885,144,916,1.5761184124077576,0.4037433155080214,97.00005127231479,0.25935842586180424,0.4384525205158265,1.0812099125402972,0.46794871794871795,101.61063422398401,0.21711673979483762,0.5486518171160609,2.086620025664492,0.2874015748031496,97.00005127231479,0.3735111927339821,0.2977725674091442,1.0978062733525382,0.5008347245409015,0.1607506383679031,0.7022274325908558,0.048,0.09,0.139,-1.561,68.1,4.576923076923077,78,0,1.7072649572649572,534,1.141025641025641,1397,2.983974358974359,0.1623931623931624,0.8266666666666667,1.2913274634832959,0.4372801875732708,191.1614753368054,0.22410489488488325,143,853
2025,Florida International,Conference USA,1.3838767078281702,0.42567567567567566,88.16446296057627,0.19856861027156816,0.4841875681570338,1.1926153539434938,0.39606126914660833,72.40035248827488,0.15842527896777872,0.4983642311886587,1.9862602385176216,0.26666666666666666,0.2496828094579808,0.3271537622682661,1.121323112019327,0.47487844408427876,0.11302110624456749,0.6728462377317339,0.073,0.095,0.169,1.405,69.9,4.120481927710843,83,800,1.75054704595186,499,1.0919037199124726,1268,2.774617067833698,0.22538293216630198,0.7321428571428571,1.3068324152897386,0.40676117775354415,144.63886539029238,0.15773049660882485,166,917,1.587942101728839,0.3920335429769392,100.3385931645283,0.21035344478936752,0.5190424374319913,0.962468791286565,0.45734597156398105,57.28018727682451,0.13573504094034244,0.4591947769314472,2.1260627104179943,0.2827586206896552,100.3385931645283,0.2701251309791429,0.31556039173014144,1.0387605231017947,0.48171701112877585,0.0945211940589332,0.6844396082698585,0.069,0.095,0.164,-1.496,69.0,3.6547619047619047,84,0,1.3459715639810428,534,1.2654028436018958,1343,3.182938388625592,0.16350710900473933,0.7368421052631579,1.2703417681925178,0.41893362350380847,137.79011904702043,0.14993484118282963,171,919
2025,Florida State,ACC,1.8524417319977478,0.42209631728045327,124.56630551349761,0.3528790524461689,0.41824644549763035,1.0597373597353235,0.5104166666666666,132.21984546831885,0.2754580113923309,0.5687203791469194,2.141549292936228,0.390625,0.5303449260577721,0.3033175355450237,1.0918830755482953,0.5068027210884354,0.2006988495984778,0.6966824644549763,0.055,0.09,0.145,1.338,71.0,3.9506172839506175,81,697,1.4520833333333334,625,1.3020833333333333,1667,3.4735416666666667,0.12916666666666668,0.7647058823529411,1.355618306047776,0.471563981042654,253.7792246346946,0.3006862851121974,131,844,1.5431566833305652,0.4115942028985507,75.04992015564493,0.21753600045114474,0.4411764705882353,0.8696584643404018,0.40186915887850466,40.66802745042043,0.09501875572528139,0.5473145780051151,2.108765893948842,0.27983539094650206,75.04992015564493,0.33191453208683885,0.31074168797953966,0.9343468019575394,0.4619666048237477,0.06436233708611704,0.6892583120204604,0.045,0.11,0.155,-1.414,69.7,4.120689655172414,58,0,0.6004672897196262,371,0.866822429906542,1290,3.0147196261682243,0.16355140186915887,0.7213114754098361,1.186272663961983,0.4053708439897698,115.34653098651891,0.14750195778327227,135,782
2025,Fresno State,Mountain West,1.4937927840593237,0.40992167101827676,88.3807260903613,0.23075907595394599,0.44022988505747124,0.9692129046233627,0.39658848614072495,18.881160595197542,0.040258338156071515,0.539080459770115,1.89715682603729,0.2978723404255319,0.26649152862956266,0.32413793103448274,0.9882623137809582,0.44387755102040816,0.024322043047543915,0.6758620689655173,0.054,0.099,0.153,1.645,66.4,3.292682926829268,82,702,1.4968017057569296,492,1.049040511727079,1338,2.8535181236673774,0.19829424307036247,0.746031746031746,1.2095583689390217,0.39655172413793105,89.4519723854925,0.10281835906378448,162,870,1.5813427415388155,0.3492462311557789,54.29723382260231,0.13642521060955354,0.48009650180940894,0.8160520342639801,0.4182692307692308,23.505990947641344,0.056504785931830157,0.5018094089264173,1.8096908895682933,0.259927797833935,54.29723382260231,0.1585999022987824,0.3341375150784077,0.9803028751445839,0.4420289855072464,0.04492539404653548,0.6658624849215923,0.079,0.095,0.174,-1.28,71.9,3.2615384615384615,65,0,1.0048076923076923,450,1.0817307692307692,1211,2.909855769230769,0.21394230769230768,0.7049180327868853,1.169277359443657,0.38118214716525933,68.7309904504503,0.08290831176170121,154,829
2025,Georgia,SEC,1.388409700644852,0.4769585253456221,154.00653375095138,0.3548537644031138,0.43098311817279045,0.9234835697076648,0.46167557932263814,81.3528347942144,0.14501396576508807,0.5571002979145978,1.8704025550600092,0.31313131313131315,0.3382277324458568,0.29493545183714004,0.9701191021505615,0.5366197183098591,0.2056993296019851,0.70506454816286,0.048,0.086,0.134,1.354,70.7,4.790697674418604,86,466,0.8306595365418895,598,1.0659536541889483,1705,3.0390374331550802,0.19964349376114082,0.7428571428571429,1.14675699481001,0.47070506454816285,246.5001605538289,0.24478665397599692,155,1007,1.4450489497836,0.4046610169491525,104.34145193779806,0.22106239817330098,0.5514018691588785,0.7496638914675148,0.375,-3.5513413226672648,-0.009650384028987132,0.42990654205607476,2.0172818670524806,0.2527881040892193,104.34145193779806,0.19559580691341064,0.3142523364485981,0.9262581649836156,0.44804088586030666,0.0461189821501796,0.6857476635514018,0.07,0.081,0.151,-1.106,73.8,3.6724137931034484,58,0,0.47282608695652173,246,0.6684782608695652,938,2.547554347826087,0.21195652173913043,0.6875,1.1503959648044095,0.3866822429906542,79.68711458186289,0.09309242357694263,157,856
2025,Georgia Southern,Sun Belt,1.525772096631721,0.4269911504424779,118.58930822163276,0.2623657261540548,0.5022222222222222,0.9181515307772011,0.46403712296983757,78.29448843069126,0.18165774577886604,0.47888888888888886,1.982766933953171,0.35315985130111527,0.4499673159416746,0.29888888888888887,0.9923850713325888,0.4786053882725832,0.09444727827752131,0.7011111111111111,0.048,0.088,0.136,1.283,71.9,4.08641975308642,81,455,1.0556844547563804,466,1.0812064965197217,1386,3.2164733178654292,0.16241299303944315,0.7213114754098361,1.2293782122619472,0.4411111111111111,180.63744058142643,0.20070826731269603,152,900,1.477223783492251,0.46875,135.28600814562043,0.32520675035004915,0.4507042253521127,1.068453471391906,0.5112016293279023,132.4435155110407,0.2697423941161725,0.5319609967497292,1.8317719055950188,0.3626373626373626,135.28600814562043,0.3089545576049807,0.29577464788732394,1.0787951880098239,0.54,0.24876830602235114,0.704225352112676,0.061,0.089,0.15,-1.286,71.8,4.206896551724138,87,0,1.6985743380855396,725,1.4765784114052953,1646,3.35173116089613,0.164969450101833,0.7608695652173914,1.2444500658785667,0.4875406283856988,246.04399314068797,0.2665698733918613,144,923
2025,Georgia State,Sun Belt,1.5660635349755565,0.3942505133470226,114.19324796449128,0.23448305536856526,0.5682613768961493,0.8496676971621011,0.42857142857142855,19.960783982452046,0.055912560174935705,0.41656942823803966,2.058901429388118,0.31141868512110726,0.310400881751325,0.3372228704784131,0.9629492462335495,0.4507042253521127,0.03882537770335613,0.662777129521587,0.068,0.093,0.16,1.092,74.2,3.389830508474576,59,353,0.988795518207283,370,1.0364145658263304,1034,2.8969187675070027,0.19607843137254902,0.6363636363636364,1.2480235135280904,0.40373395565927656,111.7586693616392,0.13040684873003408,142,857,1.6413874403905002,0.46348314606741575,151.02506487731026,0.4242277103295232,0.42080378250591016,0.9730060427015242,0.46750524109014674,90.89283003668007,0.1905510063662056,0.5638297872340425,2.0330631318508003,0.3739495798319328,151.02506487731026,0.48860064909546363,0.28132387706855794,1.0346626675175037,0.4967105263157895,0.19178567586959203,0.7186761229314421,0.05,0.077,0.127,-1.53,68.8,4.445652173913044,92,0,1.3333333333333333,552,1.1572327044025157,1506,3.1576519916142556,0.1509433962264151,0.7761194029850746,1.261920062212295,0.46217494089834515,232.8926454134323,0.2752868149094944,142,846
2025,Georgia Tech,ACC,1.5127109623305897,0.4873096446700508,169.10695181187796,0.42920546145146693,0.4602803738317757,0.8703017223662269,0.5044843049327354,82.84935167066661,0.18576087818535114,0.5210280373831776,1.9539793483594143,0.3644859813084112,0.4332692754145539,0.25,0.9853130249713574,0.5327102803738317,0.2183860213161053,0.75,0.033,0.085,0.118,1.297,71.9,3.611764705882353,85,535,1.1995515695067265,532,1.1928251121076232,1500,3.3621076233183858,0.16143497757847533,0.6973684210526315,1.1652081993148538,0.49065420560747663,232.92345062365413,0.27210683484071746,140,856,1.450756425346263,0.44844124700239807,115.0181980523755,0.2758230169121715,0.4911660777385159,0.9861248011652086,0.42720763723150357,43.904493222115725,0.10478399337020461,0.49352179034157834,2.059932902453701,0.2868217054263566,115.0181980523755,0.29232210560862837,0.303886925795053,1.0424553556644833,0.505922165820643,0.15103893753197462,0.696113074204947,0.05,0.087,0.137,-1.163,73.2,3.557142857142857,70,0,1.6109785202863962,428,1.0214797136038185,1249,2.9816229116945108,0.18615751789976134,0.676923076923077,1.244314171917572,0.43934040047114253,164.68311532842313,0.1939730451453747,137,849
2025,Hawai'i,Mountain West,1.556736364593334,0.42907801418439717,156.84524063466094,0.27809439828840593,0.6157205240174672,0.90219032714404,0.3877551020408163,7.5890141990432305,0.022125405828114376,0.37445414847161573,2.1730843104415656,0.3355048859934853,0.37459540372321776,0.3351528384279476,1.0046831491991213,0.4482758620689655,0.06298208120559311,0.6648471615720524,0.052,0.07,0.122,1.387,70.1,3.7721518987341773,79,270,0.7871720116618076,355,1.0349854227405249,973,2.8355685131195334,0.20408163265306123,0.6052631578947368,1.324750488582025,0.4104803493449782,153.35687639723406,0.1674201707393385,151,916,1.5475792402046233,0.4058679706601467,100.10296357312265,0.24475052218367396,0.506815365551425,0.9871393040596752,0.4326424870466321,36.99053518771771,0.09583040204071945,0.47831474597273854,2.1923256276964147,0.30111524163568776,100.10296357312265,0.3893354901294741,0.3333333333333333,0.9807471285008981,0.47769516728624534,0.050286046452430865,0.6666666666666666,0.066,0.094,0.16,-1.316,71.1,3.3472222222222223,72,0,1.2901554404145077,458,1.1865284974093264,1241,3.2147668393782385,0.16062176165803108,0.825,1.2710958220950899,0.4188351920693928,131.78513983623634,0.16330252767811196,150,807
2025,Houston,Big 12,1.7027827988273136,0.44110275689223055,128.09880310598504,0.321049631844574,0.415625,0.8112446807275835,0.4007285974499089,-15.771268063677603,-0.02872726423256394,0.571875,1.956599374535541,0.2629757785467128,0.17401951766745086,0.30104166666666665,1.0460511521053018,0.4798807749627422,0.07724469637090874,0.6989583333333333,0.049,0.084,0.134,1.444,69.4,3.5517241379310347,87,505,0.9198542805100182,487,0.8870673952641166,1438,2.619672131147541,0.2040072859744991,0.7391304347826086,1.2199246820166039,0.41458333333333336,102.12283187077306,0.10637794986538861,159,960,1.5522269498389847,0.37889688249400477,91.02462091530987,0.21828446262664236,0.477116704805492,0.7576858032414422,0.4518348623853211,20.057076748002114,0.04600246960550943,0.4988558352402746,2.1408430533642697,0.24731182795698925,91.02462091530987,0.2391165453465644,0.31922196796338675,0.8766862559985973,0.4890756302521008,0.04336279288681907,0.6807780320366132,0.07,0.092,0.162,-1.353,70.5,3.909090909090909,66,0,0.768348623853211,400,0.9174311926605505,1183,2.713073394495413,0.19954128440366972,0.7666666666666667,1.1189829754936844,0.41189931350114417,92.51437791934882,0.10585169098323663,155,874
2025,Illinois,Big Ten,1.5321924031284155,0.4824120603015075,157.51084353608,0.395755888281608,0.47664670658682634,0.8190247614096052,0.477751756440281,36.98359912785496,0.08661264432752917,0.511377245508982,1.881737112578317,0.3524590163934426,0.3485722051250199,0.29221556886227545,0.9630640703755711,0.5262267343485617,0.14828583631492276,0.7077844311377246,0.056,0.099,0.155,1.405,69.7,4.2125,80,381,0.892271662763466,489,1.14519906323185,1283,3.003512880562061,0.20374707259953162,0.7352941176470589,1.1620713288880047,0.4754491017964072,172.6885473126242,0.20681263151212478,135,835,1.3625512111681386,0.48306997742663654,133.0000537396226,0.30022585494271464,0.5175233644859814,0.9096515847814095,0.4177215189873418,31.742869027324083,0.08036169374006097,0.4614485981308411,1.9419168612361084,0.3512396694214876,133.0000537396226,0.35580124912267935,0.2827102803738318,0.9643753681276964,0.48859934853420195,0.12804434175305504,0.7172897196261683,0.06,0.093,0.153,-1.234,71.7,4.333333333333333,63,0,0.9164556962025316,356,0.9012658227848102,1188,3.008607594936709,0.17721518987341772,0.7288135593220338,1.1801962172555276,0.4497663551401869,164.7231281240642,0.19243356089259836,132,856
2025,Indiana,Big Ten,1.5945028959810352,0.5667447306791569,244.80761636127014,0.5733199446399769,0.394275161588181,0.9332410032716466,0.48742138364779874,145.35041278781517,0.22853838488650183,0.5872576177285319,2.1252192923159146,0.4069767441860465,0.6193047840083968,0.23822714681440443,1.0127197524525586,0.5466666666666666,0.25566510003220927,0.7617728531855956,0.046,0.069,0.114,1.478,69.1,5.133928571428571,112,947,1.4889937106918238,783,1.2311320754716981,2133,3.353301886792453,0.139937106918239,0.735632183908046,1.2228140900166817,0.5133887349953832,370.70434180073903,0.34229394441434813,176,1083,1.5261977634285164,0.36893203883495146,69.13488393207055,0.13424249307198163,0.5671806167400881,1.0546114190093194,0.32075471698113206,-25.48360829587801,-0.06868897114791916,0.40859030837004406,2.1202169525168673,0.25,69.13488393207055,0.20280808137976378,0.3568281938325991,1.0655427374886492,0.3955479452054795,-0.09019201426027905,0.6431718061674009,0.073,0.16,0.232,-1.072,74.1,2.070175438596491,57,0,1.3126684636118597,284,0.7654986522911051,847,2.2830188679245285,0.2884097035040431,0.5961538461538461,1.3393523894671289,0.3436123348017621,13.037682039040504,0.014358680659736238,178,908
2025,Iowa,Big Ten,1.532033192710566,0.38870431893687707,70.81774012437569,0.2352748841341385,0.3739130434782609,0.8833312767013558,0.4794238683127572,78.99270678757284,0.1625364337192857,0.6037267080745342,1.910748004983329,0.2602739726027397,0.18291774451251472,0.2720496894409938,0.9441521306875749,0.5085324232081911,0.14195842060239663,0.7279503105590062,0.031,0.081,0.112,1.659,66.7,4.435897435897436,78,469,0.9650205761316872,520,1.0699588477366255,1577,3.245061728395062,0.14814814814814814,0.8307692307692308,1.099352031630837,0.4409937888198758,123.24662052124515,0.15310139195185732,136,805,1.3494537605776993,0.3717948717948718,52.41308270151886,0.13439251974748426,0.49555273189326554,0.835241689095999,0.4109947643979058,17.179163212398453,0.04497163144606925,0.48538754764930114,1.858956160511038,0.2532188841201717,52.41308270151886,0.22602713919655942,0.2960609911054638,0.8873588908502302,0.44223826714801445,-0.01763164820044979,0.7039390088945362,0.069,0.1,0.169,-1.117,73.4,3.3392857142857144,56,0,0.7277486910994765,344,0.900523560209424,1078,2.8219895287958114,0.19109947643979058,0.7017543859649122,1.0759254662120317,0.386277001270648,42.89639032974916,0.054506213887864245,142,787
2025,Iowa State,Big 12,1.5572968912110947,0.4447513812154696,103.79556006422602,0.2867280664757625,0.4398541919805589,0.9419172881929382,0.46,72.15033042029513,0.16033406760065586,0.5467800729040098,2.0316502694487184,0.31275720164609055,0.21437701729243763,0.29526123936816523,0.9960084491091848,0.506896551724138,0.18179117871201714,0.7047387606318347,0.062,0.083,0.145,1.417,70.1,3.541176470588235,85,521,1.1577777777777778,448,0.9955555555555555,1367,3.037333333333333,0.17555555555555555,0.696969696969697,1.2087348770708186,0.44957472660996356,157.5324988550323,0.19141251379712307,133,823,1.5341526560082115,0.3994910941475827,92.42737700658384,0.2351841654111548,0.5057915057915058,0.8346212491939173,0.39452054794520547,5.728927798261621,0.015695692597977044,0.4697554697554698,1.6991074230924397,0.28515625,92.42737700658384,0.23547502631002623,0.32947232947232946,1.0536298938975421,0.44337811900191937,0.01883963360223749,0.6705276705276705,0.07,0.097,0.167,-1.216,72.7,3.0579710144927534,69,0,0.9260273972602739,406,1.1123287671232878,1025,2.8079452054794523,0.20821917808219179,0.6857142857142857,1.208629432158159,0.3912483912483912,70.09705584213245,0.09021500108382555,133,777
2025,Jacksonville State,Conference USA,1.5179810138922927,0.39002932551319647,57.20382276535167,0.1677531459394477,0.3515463917525773,1.1139040839044076,0.4723127035830619,129.18925331520964,0.21040595002477142,0.6329896907216495,2.0029319508264107,0.3140794223826715,0.3131342882041827,0.28556701030927834,1.0589264679305583,0.48917748917748916,0.13641154407891143,0.7144329896907217,0.043,0.097,0.14,1.295,71.4,3.7333333333333334,90,1008,1.6416938110749186,775,1.262214983713355,1961,3.1939739413680783,0.18078175895765472,0.6805555555555556,1.2517163200712607,0.43917525773195876,181.27139787924423,0.18687772977241676,165,970,1.547136467407066,0.41855203619909503,105.06412267219096,0.23770163500495695,0.4702127659574468,1.0444836922276455,0.4246861924686193,51.22460486231365,0.10716444531864779,0.5085106382978724,2.0498941962572217,0.3026315789473684,105.06412267219096,0.3167123952916993,0.32340425531914896,1.066287679533019,0.47641509433962265,0.07669652850205384,0.676595744680851,0.067,0.102,0.17,-1.237,72.5,3.7837837837837838,74,0,1.2677824267782427,519,1.0857740585774058,1293,2.7043933054393303,0.20292887029288703,0.78125,1.295380842921947,0.42021276595744683,145.05956029598283,0.1543186811659392,163,940
2025,James Madison,Sun Belt,1.6783751386187966,0.41624365482233505,108.82993323473177,0.2762181046566796,0.39597989949748746,1.0656131978306045,0.48709122203098104,140.4479041186051,0.24173477473081773,0.5839195979899497,2.084032675964691,0.3104575163398693,0.2742571778861132,0.3075376884422111,1.0916155959320522,0.5152394775036284,0.20353869249048445,0.6924623115577889,0.06,0.072,0.132,1.618,67.4,3.980392156862745,102,1050,1.8072289156626506,737,1.2685025817555937,1880,3.2354561101549053,0.18588640275387264,0.7619047619047619,1.301125868383387,0.45226130653266333,224.16085555909441,0.22528729201919037,173,995,1.7562293217958427,0.291196388261851,25.702695110616403,0.05801962778920181,0.5267538644470868,1.0546066929283389,0.3168831168831169,-10.607235929895305,-0.02755126215557222,0.4577883472057075,1.9414594541434753,0.2261904761904762,25.702695110616403,0.08129870512922484,0.3995243757431629,1.193404543129987,0.3504950495049505,-0.05110025930709228,0.6004756242568371,0.088,0.111,0.199,-1.273,71.6,3.4081632653061225,49,0,0.7506493506493507,287,0.7454545454545455,878,2.280779220779221,0.2571428571428571,0.5625,1.4181166903119042,0.30083234244946494,1.510733973337948,0.0017963543083685468,169,841
2025,Kansas,Big 12,1.5292417527873154,0.449438202247191,103.51418645148036,0.29077018666146165,0.45235069885641677,0.8293198491363504,0.5108433734939759,76.94155412199504,0.18540133523372299,0.5273189326556544,1.863565857643804,0.3173076923076923,0.2563870460083128,0.26429479034307496,0.9814311520594224,0.5371329879101899,0.19835628033932715,0.735705209656925,0.057,0.087,0.144,1.322,70.9,3.943661971830986,71,476,1.1469879518072288,559,1.346987951807229,1457,3.5118072289156625,0.13975903614457832,0.7833333333333333,1.1358632225330807,0.47903430749682335,168.17679188619948,0.21369350938525983,133,787,1.7199928178509827,0.4101876675603217,135.26149599914015,0.3626313565660594,0.4674185463659148,1.043413918975021,0.41346153846153844,48.28464753645368,0.11606886427032136,0.5213032581453634,2.196298479392137,0.31226765799256506,135.26149599914015,0.40847044070835586,0.33709273182957394,1.1072826742625723,0.46313799621928164,0.14842612785718443,0.6629072681704261,0.066,0.111,0.177,-1.133,73.4,4.241935483870968,62,0,1.71875,458,1.1009615384615385,1196,2.875721153846154,0.2091346153846154,0.7636363636363637,1.3853292628062912,0.41228070175438597,188.39597018699828,0.2360851756729302,131,798
2025,Kansas State,Big 12,1.605948375920606,0.40793201133144474,89.16762437337661,0.2525995024741547,0.46264744429882043,1.2184565639881733,0.40404040404040403,69.39892794334294,0.1752498180387448,0.5190039318479686,1.8301642784177332,0.30303030303030304,0.2665535563418745,0.34600262123197906,1.2588744058696089,0.46092184368737477,0.17687490799479758,0.653997378768021,0.065,0.111,0.175,1.392,69.8,4.153846153846154,65,759,1.9166666666666667,469,1.1843434343434343,1107,2.7962121212121214,0.22474747474747475,0.671875,1.406304050398157,0.40629095674967236,158.63071796365884,0.20790395539142706,139,763,1.5779813476999258,0.37772397094430993,61.626582217993295,0.14921690609683608,0.472,1.1189197568779568,0.41280353200883,52.063308762054554,0.11493004141733898,0.5177142857142857,2.0878623838096617,0.27986348122866894,61.626582217993295,0.22254169028169293,0.33485714285714285,1.0910207412135804,0.4518900343642612,0.06725840525977426,0.6651428571428571,0.067,0.101,0.167,-1.356,70.4,3.4473684210526314,76,0,1.282560706401766,477,1.0529801324503312,1232,2.719205298013245,0.20088300220750552,0.696969696969697,1.3279512185842433,0.3942857142857143,104.34910711372466,0.11925612241568531,144,875
2025,Kennesaw State,Conference USA,1.7001619126122025,0.4068181818181818,121.49420945378316,0.2761232033040526,0.4489795918367347,1.0301142132361825,0.4274661508704062,61.373035656828506,0.11870993357220214,0.5275510204081633,2.173460121979572,0.30959752321981426,0.3718578417801502,0.3295918367346939,1.056689383488877,0.4611872146118721,0.04623143314209184,0.6704081632653062,0.055,0.097,0.152,1.36,71.0,2.946236559139785,93,480,0.9284332688588007,591,1.1431334622823985,1482,2.8669245647969053,0.19922630560928434,0.8064516129032258,1.333803710657784,0.41122448979591836,150.48413446934285,0.15355523925443149,168,980,1.4685321985676503,0.4212860310421286,102.00973473108934,0.2261856645922158,0.4592668024439919,1.0194223510318663,0.4326923076923077,75.47948259253371,0.14515285113948792,0.5295315682281059,2.2189287439230934,0.2633333333333333,102.00973473108934,0.2339472018982386,0.3054989816700611,0.9913564760121997,0.49266862170087977,0.13575386367881873,0.6945010183299389,0.062,0.105,0.168,-1.176,73.1,3.569620253164557,79,0,1.65,555,1.0673076923076923,1549,2.9796153846153848,0.19038461538461537,0.6710526315789473,1.2250389077349964,0.4226069246435845,162.76829559842594,0.1657518285116354,167,982
2025,Kent State,Mid-American,1.896165014980603,0.36363636363636365,75.63268688515492,0.24556067170504844,0.44508670520231214,0.8989181780974742,0.33423180592991913,-13.30992829172488,-0.03587581749791073,0.5361271676300579,2.1721498270424107,0.21686746987951808,0.10913256564053846,0.3598265895953757,1.1232327341267467,0.4198645598194131,0.042381970680410365,0.6401734104046243,0.051,0.131,0.182,1.271,71.6,3.4166666666666665,48,262,0.706199460916442,280,0.7547169811320755,902,2.4315363881401617,0.23180592991913745,0.6363636363636364,1.3592390800327712,0.3468208092485549,45.949221855915866,0.06640060961837553,144,692,1.562513692454711,0.4375,112.34093213629494,0.28085233034073737,0.4519774011299435,0.9859303754840608,0.45454545454545453,74.25437339260688,0.15698599025921117,0.5344632768361582,1.8613212917186073,0.34296028880866425,112.34093213629494,0.3316780112283054,0.3129943502824859,1.0528642470078873,0.48848684210526316,0.13898172958840593,0.6870056497175141,0.045,0.093,0.138,-1.532,68.5,4.289156626506024,83,0,1.2325581395348837,539,1.1395348837209303,1422,3.0052854122621566,0.1839323467230444,0.6710526315789473,1.248791336925026,0.4429378531073446,176.37570069999143,0.19929457706213718,143,885
2025,Kentucky,SEC,1.544625205258027,0.4036458333333333,67.7770264136462,0.17650267295220365,0.4758364312267658,0.8092556596663945,0.47058823529411764,34.801484784449165,0.08529775682463031,0.5055762081784386,1.803551712532111,0.2868525896414343,0.11060926818914898,0.3110285006195787,0.9660653122913982,0.49640287769784175,0.08509160596737218,0.6889714993804213,0.066,0.11,0.177,1.394,70.4,3.8412698412698414,63,380,0.9313725490196079,403,0.9877450980392157,1269,3.1110294117647057,0.1715686274509804,0.7454545454545455,1.1393383606170628,0.4312267657992565,75.07385923333533,0.09302832618752829,140,807,1.5541858931422765,0.448,113.05600503808296,0.30148268010155455,0.46410891089108913,0.8659156123325688,0.4326923076923077,27.5361261840258,0.06619261101929279,0.5148514851485149,1.9012207882844538,0.30120481927710846,113.05600503808296,0.25495116458655603,0.30816831683168316,1.03613727059538,0.49552772808586765,0.13202678514477542,0.6918316831683168,0.048,0.099,0.147,-1.205,72.4,3.984848484848485,66,0,0.5985576923076923,413,0.9927884615384616,1187,2.8540865384615386,0.21394230769230768,0.6612903225806451,1.220459042830268,0.43564356435643564,137.28581287798193,0.16990818425492812,136,808
2025,Liberty,Conference USA,1.5631858675398385,0.40625,72.41335398901417,0.22629173121566926,0.39555006180469715,0.9822577742656181,0.4597457627118644,81.58938451746211,0.17285886550309768,0.5834363411619283,1.9815574656585493,0.30603448275862066,0.2765203134286031,0.2867737948084054,1.0107581784860316,0.48700173310225303,0.12326969981949187,0.7132262051915945,0.07,0.089,0.159,1.348,70.9,3.6774193548387095,62,619,1.3114406779661016,504,1.0677966101694916,1359,2.879872881355932,0.1716101694915254,0.7285714285714285,1.2065728074327609,0.43510506798516685,135.27932951128273,0.16721795984089338,136,809,1.6420948321445787,0.38571428571428573,86.0716069462282,0.24591887698922343,0.44529262086513993,1.0115668542586223,0.44208037825059104,78.53511195999576,0.18566220321512,0.5381679389312977,2.3431861360495416,0.32231404958677684,86.0716069462282,0.4970168335023967,0.30788804071246817,0.9716427298277631,0.45588235294117646,0.07355580498195562,0.6921119592875318,0.057,0.075,0.132,-1.384,70.2,3.551282051282051,78,0,1.33096926713948,476,1.1252955082742317,1330,3.143735224586288,0.1773049645390071,0.72,1.2998034221139554,0.41475826972010177,160.29243161776387,0.20393439137120084,136,786
2025,Louisiana,Sun Belt,1.599589457893247,0.34104046242774566,48.74221622298331,0.14087345729185927,0.4123957091775924,0.98309818723939,0.4231578947368421,59.97387767267335,0.12626079510036495,0.566150178784267,1.8730113290291988,0.2579505300353357,0.1961179771082023,0.33730631704410013,1.008473308071303,0.44964028776978415,0.07077514630047656,0.6626936829558999,0.054,0.106,0.16,1.238,72.4,3.4473684210526314,76,705,1.4842105263157894,507,1.0673684210526315,1375,2.895578947368421,0.20842105263157895,0.7142857142857143,1.2038642539843878,0.38498212157330153,94.85236886468623,0.1130540749281123,146,839,1.4688660435513254,0.44473684210526315,103.68398618180981,0.272852595215289,0.4367816091954023,0.9908709455837661,0.4831932773109244,90.68479395813966,0.19051427302130183,0.5471264367816092,2.2877816408227365,0.28761061946902655,103.68398618180981,0.3290653056646649,0.2597701149425287,0.9782173041445557,0.5232919254658385,0.14869128629915584,0.7402298850574712,0.05,0.086,0.135,-1.437,69.6,3.3292682926829267,82,0,1.1596638655462186,546,1.147058823529412,1570,3.298109243697479,0.15966386554621848,0.7317073170731707,1.1899627814681422,0.46206896551724136,170.12594745687065,0.19554706604238004,145,870
2025,Louisiana Tech,Conference USA,1.5391414513779154,0.3776435045317221,60.28915518299763,0.18214246278851248,0.3813364055299539,1.054960041008513,0.4247104247104247,76.73433072505969,0.14813577360050134,0.5967741935483871,2.202964958971117,0.25868725868725867,0.22922515468033977,0.29838709677419356,0.9970675757181129,0.4663382594417077,0.10381761282979479,0.7016129032258065,0.058,0.089,0.147,1.35,70.9,3.319444444444444,72,728,1.4054054054054055,571,1.1023166023166022,1549,2.9905405405405405,0.17953667953667954,0.7288135593220338,1.2272531161111364,0.4043778801843318,122.59424127555303,0.1412376051561671,158,868,1.6098810142447861,0.3617886178861789,51.9674058356984,0.1056248086091431,0.5460599334073252,1.0744078397870653,0.38636363636363635,8.280385093688981,0.02091006336790147,0.43951165371809103,2.03939170591565,0.29357798165137616,51.9674058356984,0.21069445892817695,0.36293007769145397,1.084829817268052,0.4146341463414634,-0.048843020464199874,0.6370699223085461,0.098,0.097,0.195,-1.16,73.5,3.074626865671642,67,0,1.5505050505050506,458,1.1565656565656566,1052,2.6560606060606062,0.23484848484848486,0.6666666666666666,1.3591949110110741,0.3706992230854606,40.86119432306313,0.045350937095519565,162,901
2025,Louisville,ACC,1.3653432696127,0.42298850574712643,70.59247107563331,0.1622815427026053,0.5064027939464494,1.0443603554735668,0.49370277078085645,75.59974666140378,0.1904275734544176,0.46216530849825377,1.8885669644988672,0.2765957446808511,0.17540766431811713,0.27357392316647267,1.0635401831191975,0.5160256410256411,0.14401955343041742,0.7264260768335273,0.064,0.102,0.166,1.569,67.6,3.6206896551724137,87,810,2.040302267002519,501,1.2619647355163728,1116,2.8115869017632242,0.22670025188916876,0.6447368421052632,1.2021105727566097,0.45052386495925495,131.089002455338,0.1526065220667497,163,859,1.3723509675876242,0.363013698630137,27.215752923477744,0.062136422199720875,0.5165094339622641,0.9683795575716895,0.37279596977329976,31.25865781355614,0.07873717333389456,0.4681603773584906,1.8913810764029282,0.23183391003460208,27.215752923477744,0.11479965536107063,0.3408018867924528,0.9942523917672477,0.4329159212880143,0.031555428759445295,0.6591981132075472,0.067,0.107,0.173,-1.25,72.2,3.375,64,0,0.7909319899244333,358,0.9017632241813602,1099,2.7687657430730477,0.19395465994962216,0.7446808510638298,1.1887754398921364,0.3643867924528302,50.81658507587933,0.059925218249857706,160,848
2025,LSU,SEC,1.454124533312784,0.41541755888650966,96.97038043708362,0.20764535425499706,0.5612980769230769,0.9083896667149199,0.38461538461538464,7.212993047978279,0.020549837743527862,0.421875,1.964020828689031,0.310580204778157,0.2599407882015792,0.35216346153846156,0.9421134491582737,0.44712430426716143,-0.0070431881330076,0.6478365384615384,0.067,0.112,0.179,1.422,70.2,3.3544303797468356,79,529,1.5071225071225072,321,0.9145299145299145,880,2.506837606837607,0.24216524216524216,0.6595744680851063,1.2222145682465233,0.39903846153846156,72.3663725393716,0.08697881314828318,149,832,1.549319504432365,0.38850574712643676,73.85657778936316,0.1697852362973866,0.5111633372502937,0.9287027319614012,0.3897058823529412,10.809286298927349,0.026493348771880757,0.4794359576968273,1.9525020389061922,0.2881944444444444,73.85657778936316,0.23630932467445684,0.3384253819036428,1.009963515925382,0.4351687388987567,0.005980674145635636,0.6615746180963572,0.081,0.089,0.17,-1.237,72.3,3.25,64,0,1.0857843137254901,420,1.0294117647058825,1073,2.6308823529411764,0.2426470588235294,0.6379310344827587,1.2484717397284528,0.3854289071680376,71.42420505023644,0.08392973566420263,149,851
2025,Marshall,Sun Belt,1.5349229483627762,0.4682080924855491,128.64067490311436,0.37179385810148663,0.4013921113689095,0.8104119322839584,0.42178217821782177,10.603746734132148,0.020997518285410195,0.58584686774942,2.0955998531161786,0.2948207171314741,0.2754459994309841,0.29118329466357307,0.9002022742962998,0.49754500818330605,0.11396492154058725,0.7088167053364269,0.047,0.083,0.13,1.562,67.8,3.893333333333333,75,525,1.0396039603960396,557,1.102970297029703,1495,2.960990099009901,0.18415841584158416,0.6296296296296297,1.1342219061287628,0.4385150812064965,138.7695129184758,0.16098551382653806,154,862,1.7963534758983526,0.42482100238663484,142.5038569373527,0.3401046704948752,0.47344632768361583,0.9778914823486669,0.3614190687361419,15.871374199212125,0.03519151707142378,0.5096045197740113,1.942648096537724,0.2895622895622896,142.5038569373527,0.2240989396815232,0.33559322033898303,1.2196816065053107,0.43537414965986393,0.12815992152842387,0.6644067796610169,0.056,0.1,0.157,-1.173,72.9,3.621212121212121,66,0,1.1995565410199558,429,0.9512195121951219,1186,2.629268292682927,0.2106430155210643,0.6296296296296297,1.4014801975660929,0.3864406779661017,141.9154189441256,0.16035640558658262,163,885
2025,Maryland,Big Ten,1.4730474138976595,0.3971486761710794,99.00301052204502,0.20163545931170063,0.6145181476846058,0.9873787486255488,0.37373737373737376,1.2968467912241772,0.004366487512539317,0.3717146433041302,1.9913032960498755,0.3308550185873606,0.3805826577328809,0.33667083854818525,1.0113393555623784,0.41509433962264153,-0.02195237456693253,0.6633291614518148,0.078,0.064,0.142,1.364,70.5,3.393939393939394,66,370,1.245791245791246,243,0.8181818181818182,830,2.7932659932659933,0.18855218855218855,0.6829268292682927,1.2935943416574829,0.3867334167709637,90.74197640967073,0.1135694323024665,141,799,1.5766492061101665,0.4239401496259352,62.24651259569317,0.15522821096182834,0.4619815668202765,0.9212789140940852,0.44666666666666666,57.61177431897007,0.1280261651532668,0.5184331797235023,1.9303818351288637,0.29133858267716534,62.24651259569317,0.16434426325739834,0.2926267281105991,1.0373422251636772,0.49022801302931596,0.0906694616130065,0.7073732718894009,0.061,0.079,0.141,-1.353,70.8,3.5974025974025974,77,0,1.24,481,1.068888888888889,1384,3.0753333333333335,0.1688888888888889,0.7777777777777778,1.2135687081968074,0.43202764976958524,97.41449229776518,0.11222867776240228,146,868
2025,Massachusetts,Mid-American,1.255295299158284,0.33853006681514475,-5.077338750902895,-0.011308104122278163,0.5647798742138365,1.0472610923683205,0.3333333333333333,-14.575758404153976,-0.04338023334569636,0.4226415094339623,1.979969344039862,0.24749163879598662,0.1239421460983742,0.37610062893081764,0.8704328936946054,0.38911290322580644,-0.12443966929757726,0.6238993710691824,0.071,0.128,0.199,1.072,74.1,2.1666666666666665,48,392,1.1666666666666667,274,0.8154761904761905,713,2.1217261904761906,0.2619047619047619,0.6341463414634146,1.1779448686966616,0.33584905660377357,-24.663374288184432,-0.031023112312181675,140,795,1.6021615965918403,0.48936170212765956,143.78883130425146,0.4370481194658099,0.38434579439252337,0.8406479022710022,0.48249027237354086,87.4735102114446,0.17018192648140973,0.6004672897196262,1.9156434413430241,0.3393665158371041,143.78883130425146,0.3982590226997362,0.25817757009345793,0.9637827057573949,0.5291338582677165,0.21463706251913753,0.741822429906542,0.025,0.06,0.085,-1.578,67.8,4.636363636363637,88,0,1.1381322957198443,589,1.1459143968871595,1749,3.4025291828793773,0.14007782101167315,0.7536231884057971,1.1374799202803199,0.48014018691588783,224.309778716294,0.26204413401436216,140,856
2025,Memphis,American Athletic,1.495943399801628,0.40632054176072235,92.31742903611661,0.20839148766617743,0.492769744160178,1.1375097908861713,0.4954337899543379,126.0983370620291,0.28789574671696144,0.4872080088987764,2.0233554696647973,0.32068965517241377,0.31629360482611596,0.3225806451612903,1.0959741067949098,0.5106732348111659,0.2113264497087929,0.6774193548387096,0.039,0.102,0.141,1.374,70.6,4.407407407407407,81,745,1.7009132420091324,616,1.4063926940639269,1453,3.3164383561643835,0.2009132420091324,0.75,1.3094554601288195,0.44938820912124583,220.4229532722285,0.24518682232728423,152,899,1.6027028169798447,0.44552058111380144,149.18613923548438,0.3612255187299864,0.4714611872146119,0.9639834584767757,0.37748344370860926,4.6450030769253825,0.0102538699269876,0.5171232876712328,2.0997295614931946,0.2924187725631769,149.18613923548438,0.3281403045202134,0.3162100456621005,1.0505275743303606,0.46243739565943237,0.09581648648018547,0.6837899543378996,0.064,0.11,0.174,-1.13,73.7,4.0,61,0,1.0662251655629138,399,0.8807947019867549,1141,2.519205298013245,0.22075055187637968,0.7,1.287916850755471,0.408675799086758,148.28893975373023,0.16927961159101623,152,876
2025,Miami,ACC,1.5225702483933303,0.49105367793240556,219.63019283135387,0.43664054240825817,0.4674721189591078,0.8108581654388458,0.4543795620437956,56.349729281269056,0.10282797314100192,0.5092936802973977,2.0015485447211585,0.33935018050541516,0.38936409148215345,0.25743494423791824,0.961690796858843,0.5131414267834794,0.16469235172120986,0.7425650557620818,0.059,0.063,0.121,1.422,69.8,4.355769230769231,104,404,0.7372262773722628,540,0.9854014598540146,1713,3.1266423357664235,0.14963503649635038,0.8333333333333334,1.1556325196744335,0.4684014869888476,239.4430423658032,0.22253070851840445,177,1076,1.435168136575976,0.3718861209964413,72.85515720405178,0.12963551103923804,0.5477582846003899,1.0232341067535788,0.35294117647058826,-5.032960794789767,-0.011386789128483638,0.43079922027290446,1.8475071292349743,0.28191489361702127,72.85515720405178,0.1813747764294392,0.3664717348927875,1.0275209579543143,0.40307692307692305,-0.051543001613929704,0.6335282651072125,0.073,0.116,0.189,-0.985,75.4,2.5125,80,0,0.8936651583710408,387,0.8755656108597285,1095,2.4778280542986426,0.2149321266968326,0.7333333333333333,1.2637126268558088,0.3586744639376218,34.693964888414826,0.033814780592996904,179,1026
2025,Miami (OH),Mid-American,1.6829933298504045,0.3634020618556701,69.67152052643569,0.1795657745526693,0.45274212368728123,0.8584432346322545,0.42857142857142855,32.06978719975014,0.07048304879065964,0.5309218203033839,1.9083964871017243,0.2727272727272727,0.1927041671177577,0.3208868144690782,1.0059214799276681,0.4518900343642612,0.05873478926509605,0.6791131855309218,0.062,0.071,0.133,1.51,68.6,3.341463414634146,82,413,0.9076923076923077,505,1.10989010989011,1427,3.136043956043956,0.18021978021978022,0.6567164179104478,1.2061748099219114,0.3943990665110852,87.17729330966927,0.10172379616064092,160,857,1.459574624812304,0.40268456375838924,84.9708503635962,0.19009138783802282,0.4848156182212581,0.9208249869527002,0.38949671772428884,23.338221862456866,0.05106831917386623,0.4956616052060738,2.0159655635470446,0.2815533980582524,84.9708503635962,0.2355455734541705,0.3351409978308026,0.9334056398569215,0.44861337683523655,0.013119448198326765,0.6648590021691974,0.071,0.108,0.178,-1.203,72.5,3.388888888888889,72,0,1.1684901531728664,394,0.862144420131291,1237,2.7074398249452956,0.2013129102844639,0.7419354838709677,1.1935788811857633,0.3926247288503254,80.82580394291298,0.08766356176020931,162,922
2025,Michigan,Big Ten,1.4466091040356728,0.40668523676880225,72.9648409778145,0.20324468238945542,0.4198830409356725,0.9526577180966048,0.501039501039501,114.15191189844228,0.23732206215892365,0.5625730994152047,1.7189349554634827,0.2891566265060241,0.22966178154923075,0.2912280701754386,1.0028564751856628,0.523102310231023,0.18565817586761818,0.7087719298245614,0.043,0.078,0.121,1.485,68.9,3.6436781609195403,87,817,1.6985446985446986,578,1.2016632016632016,1596,3.3189189189189188,0.13721413721413722,0.7971014492753623,1.1353954226920973,0.45497076023391814,169.69463818153508,0.1984732610310352,147,855,1.3440991043127615,0.44124168514412415,98.07844189960775,0.21746882904569348,0.5219907407407407,0.8668052023128212,0.40298507462686567,17.75846344056596,0.04417528219046259,0.4652777777777778,2.0093676126472015,0.32567049808429116,98.07844189960775,0.38528255557537616,0.3020833333333333,0.8590649183257407,0.4577114427860697,-0.0049515348282622605,0.6979166666666666,0.067,0.1,0.167,-1.245,72.1,3.791044776119403,67,0,1.0149253731343284,346,0.8606965174129353,1062,2.6422885572139303,0.18159203980099503,0.6,1.1299118131105723,0.41782407407407407,97.57297150373104,0.11293167998117018,144,864
2025,Michigan State,Big Ten,1.415180884157382,0.41975308641975306,95.4817662790356,0.23575744760255704,0.5179028132992327,0.958578897389716,0.4297520661157025,25.64556415773719,0.07064893707365617,0.4641943734015345,2.0399533361687796,0.29411764705882354,0.34352846671393683,0.30434782608695654,0.9743988592485899,0.47610294117647056,0.03739656721976845,0.6956521739130435,0.046,0.134,0.18,1.202,72.7,3.75,64,478,1.3168044077134986,409,1.1267217630853994,937,2.5804407713498625,0.24793388429752067,0.6538461538461539,1.2011125777422473,0.42071611253196933,102.10350764547101,0.13056714532668925,139,782,1.4710598736771896,0.43455497382198954,113.36321065808033,0.29676233156565535,0.49226804123711343,0.9071066377655982,0.46701846965699206,59.3528748909162,0.15660389153276041,0.4884020618556701,2.0612901938820962,0.2907488986784141,113.36321065808033,0.3103214235688659,0.2925257731958763,0.9748284021125371,0.5100182149362478,0.15151735444365605,0.7074742268041238,0.047,0.088,0.135,-1.497,68.9,3.9054054054054053,74,0,1.4696569920844327,404,1.0659630606860158,1088,2.871240105540897,0.16886543535620052,0.8,1.1820725589240715,0.44587628865979384,153.62599073969972,0.19797163755115943,138,776
2025,Middle Tennessee,Conference USA,1.4239062844758037,0.4090909090909091,98.50922239034328,0.18657049695140773,0.630071599045346,0.8757500175555615,0.4470198675496689,21.885847272840007,0.07246969295642386,0.360381861575179,1.9047019811111507,0.28308823529411764,0.28712940284967,0.324582338902148,1.0293964966491738,0.48939929328621906,0.07284677786344164,0.6754176610978521,0.089,0.091,0.18,1.244,71.8,3.2,65,419,1.3874172185430464,319,1.0562913907284768,872,2.886754966887417,0.2251655629139073,0.6585365853658537,1.2197878025914684,0.4224343675417661,119.33047384581819,0.14239913346756347,146,838,1.6067683480983221,0.48548812664907653,156.23247559886562,0.4122228907621784,0.47080745341614905,0.8449266057475501,0.4014778325123153,13.67461168717851,0.033681309574331304,0.5043478260869565,1.9240330540696944,0.3135593220338983,156.23247559886562,0.3153428031564,0.29316770186335406,1.109564124196691,0.4938488576449912,0.16612892070933535,0.7068322981366459,0.062,0.095,0.157,-1.378,71.1,4.027027027027027,74,0,1.1576354679802956,401,0.9876847290640394,1046,2.575615763546798,0.23645320197044334,0.66,1.2793407461983874,0.4409937888198758,168.94825742852223,0.20987361171244995,152,805
2025,Minnesota,Big Ten,1.3887848259742792,0.40561224489795916,79.06220058201562,0.20168928719901943,0.5399449035812672,0.8331043209115359,0.41304347826086957,8.975466346614606,0.027874119088865237,0.44352617079889806,1.8093871068014822,0.2777777777777778,0.2066851075310807,0.32231404958677684,0.9559917902985889,0.4654471544715447,0.06228314472578252,0.6776859504132231,0.072,0.087,0.158,1.458,69.3,3.7868852459016393,61,297,0.922360248447205,274,0.8509316770186336,886,2.7503105590062114,0.1956521739130435,0.7115384615384616,1.1446676255798407,0.4049586776859504,79.00762236735788,0.1088259261258373,131,726,1.474153906975225,0.4609164420485175,94.11135163114,0.25366941140469,0.5040760869565217,0.9654589448923816,0.41761363636363635,39.676950005686216,0.11271860797069948,0.4782608695652174,1.9562899150575375,0.32882882882882886,94.11135163114,0.3759707621466025,0.3016304347826087,1.0411026153258562,0.48443579766536965,0.09052959374188699,0.6983695652173914,0.045,0.131,0.176,-1.146,73.3,3.8412698412698414,63,0,1.1335227272727273,392,1.1136363636363635,980,2.7826704545454546,0.21875,0.75,1.2485829658861443,0.4375,129.99772037987566,0.17662733747265716,132,736
2025,Mississippi State,SEC,1.6962656092246247,0.3911007025761124,86.6678180729733,0.20296912897651828,0.4537725823591923,0.9796109811035039,0.4477317554240631,70.67215337711428,0.13939280744992957,0.538788522848034,2.244016092499184,0.2861635220125786,0.30871696819362154,0.3379383634431456,0.9915220175546191,0.48796147672552165,0.07356032938070707,0.6620616365568545,0.062,0.12,0.182,1.319,71.0,4.413333333333333,75,537,1.0591715976331362,563,1.1104536489151875,1479,2.917948717948718,0.1893491124260355,0.7027027027027027,1.2800712854532403,0.4197662061636557,144.00008108975214,0.15302877905393428,165,941,1.7199112868708741,0.3960880195599022,114.71188785709793,0.2804691634647871,0.45394006659267483,0.8923950460925945,0.46540880503144655,68.56596995585309,0.14374417181520563,0.5294117647058824,2.23426612417493,0.3,114.71188785709793,0.3534717901360046,0.31076581576026635,0.9928199932082641,0.4927536231884058,0.137802569575954,0.6892341842397336,0.059,0.076,0.135,-1.208,72.4,3.675324675324675,77,0,1.1865828092243187,569,1.1928721174004193,1602,3.358490566037736,0.14255765199161424,0.7818181818181819,1.2602083906472383,0.4328523862375139,184.54749694474873,0.20482519083767894,161,901
2025,Missouri,SEC,1.4364877532764897,0.4274611398963731,77.90929861830675,0.20183756118732318,0.4150537634408602,1.0782609744946827,0.48015122873345933,124.8145282925589,0.235944287887635,0.5688172043010753,2.080532829526205,0.3283018867924528,0.3156712655874285,0.2849462365591398,0.9987526321544442,0.5037593984962406,0.16898549250328854,0.7150537634408602,0.04,0.088,0.128,1.251,71.9,3.85,80,1076,2.0340264650283553,656,1.2400756143667298,1657,3.132514177693762,0.17013232514177692,0.8888888888888888,1.2217736681054943,0.45376344086021503,196.02823789535543,0.21078305150038218,151,930,1.5484726760795164,0.33906633906633904,21.320406757179658,0.052384291786682205,0.5106649937264742,0.9284984241619227,0.36675461741424803,12.294794246909714,0.03244009036123935,0.4755332496863237,2.013573173440189,0.26881720430107525,21.320406757179658,0.20414777749841545,0.35006273525721454,0.9462371361045943,0.3918918918918919,-0.07055584592818324,0.6499372647427855,0.074,0.124,0.198,-1.248,71.9,3.3636363636363638,55,0,1.2269129287598945,322,0.8496042216358839,1019,2.687862796833773,0.21372031662269128,0.7,1.234187505889377,0.34880803011292344,20.409301731258985,0.02560765587359973,149,797
2025,Missouri State,Conference USA,1.7651503700821543,0.4216101694915254,152.62407250003272,0.32335608580515407,0.5494761350407451,1.0794701276573138,0.37027027027027026,11.881909045587008,0.0321132676907757,0.4307334109429569,2.2133819782519364,0.29411764705882354,0.2625779684072676,0.3562281722933644,1.2234801037943663,0.4484629294755877,0.12090748786109559,0.6437718277066357,0.085,0.155,0.239,1.348,70.5,3.694444444444444,72,558,1.508108108108108,436,1.1783783783783783,915,2.4721621621621623,0.27297297297297296,0.6388888888888888,1.4870634431469738,0.39348079161816063,147.21069911980976,0.17137450421398107,156,859,1.519422720534668,0.43705463182897863,139.7173415631348,0.3318701699836931,0.4958775029446408,1.0948727299636989,0.4233576642335766,76.16275247284524,0.18531083326726336,0.4840989399293286,2.2564520487340207,0.27413127413127414,139.7173415631348,0.3436771529608141,0.3050647820965842,1.0902476448933018,0.49322033898305084,0.2001864872725461,0.6949352179034158,0.072,0.078,0.15,-1.35,70.7,3.891891891891892,74,0,1.5060827250608273,432,1.051094890510949,1131,2.7518248175182483,0.19464720194647203,0.8409090909090909,1.318978342884161,0.42638398115429915,207.12241010765305,0.24396043593363137,154,849
2025,Navy,American Athletic,2.0100275651914252,0.41935483870967744,82.84680425160666,0.44541292608390676,0.22302158273381295,1.0685982477729812,0.5173501577287066,183.26977442175752,0.28906904482927054,0.7601918465227818,2.216292526893384,0.3333333333333333,0.4973596862850167,0.23381294964028776,1.0588215130371452,0.5383411580594679,0.23844526260198518,0.7661870503597122,0.022,0.07,0.092,1.533,68.3,4.225,80,1080,1.7034700315457414,770,1.2145110410094637,2191,3.4558359621451102,0.1167192429022082,0.8181818181818182,1.2427716741634425,0.4904076738609113,249.35166162824677,0.29898280770772995,133,834,1.64938476676078,0.4329896907216495,140.143791804353,0.3611953397019407,0.46467065868263474,1.0741216783633207,0.38425925925925924,51.03092462241801,0.11812714032967132,0.5173652694610779,1.9754601552446691,0.3068181818181818,140.143791804353,0.31720099238923444,0.3161676646706587,1.1609080028695788,0.44833625218914186,0.15951265393661765,0.6838323353293413,0.042,0.083,0.125,-1.236,72.5,4.2,70,0,1.0833333333333333,422,0.9768518518518519,1236,2.8601851851851854,0.18287037037037038,0.7450980392156863,1.3566905676837697,0.4035928143712575,174.82278738856658,0.20936860765097792,136,835
2025,NC State,ACC,1.632061569439245,0.42691415313225056,150.33453280822422,0.34880402043671516,0.513095238095238,1.101019176531164,0.42355889724310775,62.4302936894215,0.15646690147724684,0.475,2.088322809903117,0.31135531135531136,0.36722809691563313,0.325,1.151213262992003,0.47795414462081126,0.18505402780387675,0.675,0.056,0.102,0.158,1.231,72.1,4.690140845070422,71,591,1.481203007518797,413,1.0350877192982455,1137,2.8496240601503757,0.21804511278195488,0.7368421052631579,1.3749613289679712,0.4238095238095238,205.17890422276596,0.24426060026519758,150,840,1.6661074329695489,0.40081799591002043,131.95141915828893,0.26983930298218595,0.5427302996670367,1.044202262302423,0.3979848866498741,45.82087767289665,0.11541782789142732,0.4406215316315205,2.055416925703057,0.31475409836065577,131.95141915828893,0.38024743295090435,0.33851276359600446,1.1403551462955057,0.4412751677852349,0.09119475410209267,0.6614872364039955,0.065,0.084,0.149,-1.382,70.0,3.7023809523809526,84,0,1.1712846347607053,425,1.070528967254408,1163,2.928463476070529,0.1964735516372796,0.660377358490566,1.385051332432344,0.39844617092119866,170.32754049487306,0.18904277524403224,150,901
2025,Nebraska,Big Ten,1.390710035047223,0.45588235294117646,98.71367506522684,0.24194528202261478,0.4845605700712589,0.847393975779806,0.48564593301435405,64.0251632010632,0.15317024689249567,0.49643705463182897,1.8697367284680355,0.3380952380952381,0.41418110777946615,0.2494061757719715,0.9406730974072649,0.5126582278481012,0.10474780699618107,0.7505938242280285,0.038,0.089,0.128,1.517,68.2,3.925925925925926,81,429,1.0263157894736843,450,1.076555023923445,1333,3.187799043062201,0.14354066985645933,0.7966101694915254,1.1076693450156565,0.4691211401425178,153.17864665527432,0.1819223832010384,142,842,1.4705081852507074,0.37575757575757573,54.371979934534174,0.16476357555919446,0.41509433962264153,1.1254712482719256,0.46651785714285715,106.36911433797883,0.2374310587901313,0.5635220125786163,1.9689405027842026,0.3404255319148936,54.371979934534174,0.40394902862306814,0.29559748427672955,1.054480044359692,0.4625,0.10041314689599146,0.7044025157232704,0.045,0.098,0.144,-1.261,72.2,4.369230769230769,65,0,1.5424107142857142,531,1.1852678571428572,1413,3.1529017857142856,0.16071428571428573,0.7101449275362319,1.2702819224539716,0.42641509433962266,151.15938398817622,0.19013758992223426,138,795
2025,Nevada,Mountain West,1.4670410403788519,0.35646687697160884,-3.651073617574663,-0.011517582389825436,0.43543956043956045,0.9917704706840061,0.3825,33.61918836870732,0.0840479709217683,0.5494505494505495,1.6620900879812173,0.252,-0.002599693619742554,0.3434065934065934,1.0694406493923063,0.4330543933054393,0.052623766650882024,0.6565934065934066,0.063,0.111,0.174,1.408,69.6,2.6666666666666665,66,508,1.27,459,1.1475,1164,2.909,0.1775,0.7058823529411765,1.2077255183963855,0.3708791208791209,24.50423705418597,0.033659666283222485,135,728,1.368016005974966,0.4243243243243243,74.40998892985195,0.20110807818878906,0.46894803548795944,1.0178968248750162,0.43209876543209874,77.27061712589581,0.1907916472244341,0.5133079847908745,1.9069617404525654,0.2627450980392157,74.40998892985195,0.26806158124684937,0.3231939163498099,1.0142862338903547,0.5037453183520599,0.14849977343850776,0.6768060836501901,0.055,0.089,0.144,-1.227,72.5,4.147058823529412,68,0,0.9950617283950617,460,1.1358024691358024,1230,3.037283950617284,0.17777777777777778,0.7142857142857143,1.192289980734605,0.42585551330798477,147.6545822341097,0.18714142234994896,136,789
2025,New Mexico,Mountain West,1.5776521392936034,0.4157303370786517,94.22863386961397,0.2646871737910505,0.4558258642765685,0.992998535188968,0.43031784841075793,60.026828549864,0.14676486198010757,0.5236875800256082,1.8424841258763778,0.30472103004291845,0.32916071149152065,0.29833546734955185,1.10417447703317,0.46715328467153283,0.12005923569989431,0.7016645326504481,0.045,0.093,0.138,1.278,71.6,3.9558823529411766,68,529,1.293398533007335,411,1.0048899755501222,1292,3.1577017114914425,0.13691931540342298,0.7586206896551724,1.2644802417667105,0.4186939820742638,142.4869069410664,0.18244162220367016,134,781,1.487910870635404,0.40476190476190477,99.33371874769281,0.23650885416117337,0.5153374233128835,0.9614688175661391,0.4046997389033943,15.880924777592462,0.041464555555071704,0.4699386503067485,1.9331375173666987,0.2773722627737226,99.33371874769281,0.26819060061151834,0.3361963190184049,1.0205554546094806,0.46210720887245843,0.03254942752801395,0.6638036809815951,0.063,0.109,0.172,-1.291,71.3,3.1194029850746268,67,0,0.8276762402088773,368,0.9608355091383812,1008,2.631070496083551,0.2245430809399478,0.8307692307692308,1.233304647154108,0.4,91.09346486021157,0.11177112252786696,131,815
2025,New Mexico State,Conference USA,1.4304624312401122,0.39147286821705424,68.01217269016477,0.13180653622124958,0.5910652920962199,0.9214599316357062,0.3343108504398827,-26.377650597107305,-0.07735381406776336,0.39060710194730813,1.8827175399833456,0.26031746031746034,0.2010574914016069,0.36082474226804123,1.032087346298637,0.4229390681003584,-0.06477889448994952,0.6391752577319587,0.096,0.107,0.203,1.316,71.6,3.2142857142857144,70,296,0.8680351906158358,277,0.8123167155425219,749,2.1958944281524926,0.25513196480938416,0.6909090909090909,1.2514322390097883,0.3642611683848797,27.186486666114345,0.03114145093483888,157,873,1.4804109913885304,0.4397163120567376,106.1389232517656,0.25091944031150265,0.4720982142857143,0.9078545704261461,0.41019955654101997,0.7515983377121891,0.001666515161224366,0.5033482142857143,2.0841612084743253,0.26523297491039427,106.1389232517656,0.20963088019695855,0.31138392857142855,0.9715620359418359,0.4878444084278768,0.04944348197338578,0.6886160714285714,0.071,0.085,0.156,-1.374,70.3,3.2857142857142856,77,0,1.188470066518847,461,1.0221729490022173,1348,2.98980044345898,0.1973392461197339,0.7254901960784313,1.1911149393215805,0.4185267857142857,88.99364395253046,0.09932326333987775,157,896
2025,North Carolina,ACC,1.4342439070178563,0.3978201634877384,65.50041266450066,0.17847523886784922,0.5176304654442877,0.8273503872081498,0.3829787234042553,-6.411122653827316,-0.01948669499643561,0.46403385049365303,1.7943392275565495,0.2863849765258216,0.28821357122050184,0.3004231311706629,0.9821556289042384,0.4314516129032258,-0.03593888620310009,0.6995768688293371,0.057,0.11,0.167,1.366,70.7,3.327272727272727,55,282,0.8571428571428571,341,1.0364741641337385,910,2.766869300911854,0.18541033434650456,0.6666666666666666,1.162312718059842,0.38787023977433005,43.563803113229255,0.0614440100327634,129,709,1.4421701061722876,0.39119804400978,77.1940044273748,0.18873839713294568,0.4963592233009709,0.9223127873050199,0.43564356435643564,38.85276450907969,0.09617020918089032,0.49029126213592233,1.987384216372013,0.2764227642276423,77.1940044273748,0.28942348904114096,0.29854368932038833,1.0005621555210507,0.47231833910034604,0.08884479917643372,0.7014563106796117,0.054,0.095,0.148,-1.273,71.6,3.5757575757575757,66,0,0.8836633663366337,344,0.8514851485148515,1127,2.789108910891089,0.16831683168316833,0.8923076923076924,1.1973477864238817,0.41383495145631066,122.55047222809937,0.1487263012476934,131,824
2025,Northern Illinois,Mid-American,1.6274982463231382,0.2734375,0.014581439430714717,5.6958747776229364e-05,0.34316353887399464,1.0906642620955405,0.39166666666666666,56.305041928052866,0.11730217068344348,0.6434316353887399,2.087283992174443,0.2283464566929134,0.1354331888136853,0.34048257372654156,0.9989548885438598,0.40853658536585363,0.001182277090593552,0.6595174262734584,0.031,0.099,0.13,1.184,72.7,3.04,50,729,1.51875,463,0.9645833333333333,1381,2.8760416666666666,0.18125,0.6984126984126984,1.2426733750711718,0.34718498659517427,34.98171028724809,0.046892373039206556,133,746,1.4965587996971186,0.42105263157894735,65.78227298989343,0.2036602878944069,0.40024783147459725,0.9330192992278131,0.4594017094017094,76.17257917467632,0.16276192131341094,0.5799256505576208,2.1131571448251107,0.36086956521739133,65.78227298989343,0.4979260462590257,0.2850061957868649,0.8929637430971178,0.47660311958405543,0.0618401160282494,0.7149938042131351,0.047,0.065,0.112,-1.522,68.6,3.4473684210526314,76,0,1.0042735042735043,519,1.108974358974359,1500,3.205982905982906,0.1517094017094017,0.7301587301587301,1.175857744056401,0.4436183395291202,150.20473758787583,0.18612730803949915,133,807
2025,North Texas,American Athletic,1.5401501922703178,0.5191919191919192,224.86964348683378,0.45428210805420965,0.4876847290640394,1.0910859021844486,0.5187376725838264,149.07230644999578,0.2940282178500903,0.4995073891625616,2.0620509916389116,0.390625,0.44570124054131993,0.2522167487684729,1.1317681726742161,0.5586297760210803,0.3196185730413434,0.7477832512315271,0.047,0.068,0.115,1.661,66.2,4.981308411214953,107,767,1.5128205128205128,687,1.3550295857988166,1759,3.4698224852071005,0.14595660749506903,0.7301587301587301,1.309303061789616,0.516256157635468,356.69001451695755,0.35141873351424385,167,1015,1.6446758457085922,0.3564356435643564,67.71402527960572,0.16760897346437062,0.3953033268101761,1.0078121312102402,0.46410684474123537,105.19245357441663,0.17561344503241508,0.586105675146771,1.930087897110064,0.2694805194805195,67.71402527960572,0.21780620361048747,0.3013698630136986,1.0513128764349144,0.484593837535014,0.13728410705240876,0.6986301369863014,0.044,0.093,0.137,-1.293,71.2,4.026666666666666,75,0,1.3038397328881468,619,1.0333889816360602,1914,3.1953255425709517,0.1419031719532554,0.7702702702702703,1.2213322860294071,0.4197651663405088,165.10516314744999,0.16155104026169276,167,1022
2025,Northwestern,Big Ten,1.4820562519490772,0.41687979539641945,77.31772700576073,0.19774354732931135,0.46217494089834515,0.9196450150474413,0.4510250569476082,62.460729257553666,0.14227956550695597,0.5189125295508275,1.7548367834495053,0.3237704918032787,0.28206272990957815,0.28841607565011823,1.0136020715300886,0.473421926910299,0.09097081452939104,0.7115839243498818,0.085,0.082,0.167,1.278,71.5,3.211267605633803,71,533,1.214123006833713,462,1.0523917995444192,1309,2.982004555808656,0.17995444191343962,0.7313432835820896,1.1744744403257863,0.4302600472813239,123.58773644463048,0.14608479485180909,131,846,1.3678029734472124,0.44077134986225897,85.08950760879725,0.23440635704902824,0.4689922480620155,0.9889198421664368,0.467005076142132,67.05572359811501,0.17019219187338835,0.5090439276485789,1.8605244619429608,0.3466666666666667,85.08950760879725,0.3461325167716938,0.29069767441860467,0.9576005238331361,0.4936247723132969,0.09871990378192654,0.7093023255813954,0.061,0.089,0.15,-1.316,71.1,3.3714285714285714,70,0,1.6548223350253808,429,1.0888324873096447,1249,3.1695431472081217,0.16243654822335024,0.6923076923076923,1.1594001432387702,0.4509043927648579,132.07704344990879,0.17064217499988213,134,774
2025,Notre Dame,FBS Independents,1.714141560414655,0.4924924924924925,147.81657329956445,0.4438936135122055,0.43415906127770537,1.26999395498621,0.441527446300716,99.12685068891408,0.2365795959162627,0.546284224250326,2.0658729575415924,0.4092827004219409,0.5998163335805888,0.3089960886571056,1.2826683053561085,0.4867924528301887,0.21312826663318474,0.6910039113428944,0.051,0.083,0.134,1.593,67.5,4.7926829268292686,82,953,2.2744630071599046,523,1.2482100238663485,1201,2.867303102625298,0.22911694510739858,0.6111111111111112,1.4966707032772126,0.46284224250325945,255.11445237418747,0.3326133668503096,137,767,1.5939848121774585,0.35,22.68657546461987,0.051560398783226984,0.5365853658536586,0.8698104548444953,0.3902439024390244,13.199373532705067,0.03577065998023053,0.45,1.9818946171781193,0.2651006711409396,22.68657546461987,0.1466095938457571,0.36341463414634145,0.9778844375153629,0.41954022988505746,-0.04747535529907494,0.6365853658536585,0.09,0.094,0.184,-1.108,73.6,2.5757575757575757,66,0,0.5420054200542005,312,0.8455284552845529,1033,2.799457994579946,0.1897018970189702,0.7413793103448276,1.244048209976295,0.36341463414634145,18.907523499918504,0.023057955487705492,136,820
2025,Ohio,Mid-American,1.4163046974340452,0.4575757575757576,89.02816494531022,0.2697823180160916,0.3733031674208145,1.0974866573562823,0.44692737430167595,112.10655164863942,0.20876452820975683,0.6074660633484162,1.6074972699649468,0.33201581027667987,0.23840373352975117,0.2861990950226244,1.1156184904291537,0.4960380348652932,0.19402514292845185,0.7138009049773756,0.051,0.072,0.123,1.424,70.1,3.5454545454545454,88,840,1.5642458100558658,644,1.1992551210428306,1784,3.322346368715084,0.1303538175046555,0.7777777777777778,1.2196935974342082,0.4490950226244344,182.74600977088016,0.20672625539692327,144,884,1.591815347986733,0.4015544041450777,79.76237529992095,0.2066382779790698,0.48009950248756217,0.991474635502286,0.4246913580246914,32.570537759038736,0.0804210808865154,0.503731343283582,1.978333413941814,0.27710843373493976,79.76237529992095,0.20173106217201234,0.30970149253731344,1.0839193846252413,0.4720720720720721,0.09057291538057052,0.6902985074626866,0.057,0.091,0.149,-1.299,71.4,2.8333333333333335,72,0,1.3135802469135802,485,1.1975308641975309,1214,2.997037037037037,0.18271604938271604,0.6744186046511628,1.2703682306157051,0.4116915422885572,100.49900251704771,0.12499875934956184,146,804
2025,Ohio State,Big Ten,1.4182798279749849,0.590047393364929,234.07375728432797,0.5546771499628624,0.4762979683972912,0.819610190605957,0.48451327433628316,62.70258739067764,0.13872253847495053,0.510158013544018,1.9396993803524478,0.39,0.48616526953362277,0.22573363431151242,0.987367847345329,0.5728862973760933,0.28078506296630085,0.7742663656884876,0.041,0.071,0.112,1.333,71.0,4.827160493827161,81,490,1.084070796460177,514,1.1371681415929205,1411,3.122566371681416,0.18141592920353983,0.7368421052631579,1.145078801856062,0.5316027088036117,289.85160710160693,0.32714628341039154,137,886,1.2213034348014786,0.3869209809264305,23.677807787153487,0.06451718743093593,0.47538860103626945,0.8445810357935447,0.33163265306122447,-26.16045705746828,-0.0667358598404803,0.5077720207253886,1.69594644582609,0.23684210526315788,23.677807787153487,0.09567562657718313,0.344559585492228,0.8503414487993992,0.4209486166007905,-0.07108035541055005,0.655440414507772,0.049,0.114,0.163,-1.102,73.7,2.6444444444444444,45,0,0.6173469387755102,317,0.8086734693877551,1055,2.690051020408163,0.21173469387755103,0.5932203389830508,1.0433599807294047,0.35751295336787564,-10.516943168207607,-0.013622983378507264,137,772
2025,Oklahoma,SEC,1.5119519910496741,0.41318681318681316,90.9353133087758,0.1998578314478589,0.5188141391106044,0.9298875352045735,0.39803439803439805,10.276446325139379,0.02524925387012132,0.4640820980615735,2.2425180068529307,0.28027681660899656,0.25141074614212844,0.3295324971493729,0.9466512885856907,0.4642857142857143,0.03566962536831212,0.6704675028506272,0.07,0.097,0.167,1.507,68.8,3.767123287671233,73,364,0.8943488943488943,393,0.9656019656019657,1119,2.74987714987715,0.21621621621621623,0.6666666666666666,1.2431631647993813,0.40364880273660203,93.63144535164265,0.10676333563471226,161,877,1.5073811723419273,0.3310657596371882,33.33210156597451,0.07558299674824152,0.5287769784172662,1.1009383498647631,0.28157894736842104,-31.10871893812054,-0.08186504983715931,0.4556354916067146,1.9947546653944155,0.24281150159744408,33.33210156597451,0.18940268280856307,0.3752997601918465,1.0562334478037734,0.345489443378119,-0.13902321839685552,0.6247002398081535,0.064,0.163,0.227,-1.137,73.9,2.619047619047619,63,0,0.8789473684210526,266,0.7,752,1.9776315789473684,0.29473684210526313,0.6595744680851063,1.334856934275995,0.3069544364508393,-13.148057065681487,-0.015765056433670845,160,834
2025,Oklahoma State,Big 12,1.4195587854741867,0.34108527131782945,13.601069426252494,0.035144882238378534,0.49174078780177893,0.8688708882115906,0.3444730077120823,-20.585494329674564,-0.052919008559574716,0.49428208386277,1.990903591391586,0.23529411764705882,0.18926033970147776,0.36721728081321475,0.8908985217140767,0.4036144578313253,-0.12813124541865203,0.6327827191867853,0.076,0.112,0.188,1.087,74.2,2.9615384615384617,52,298,0.7660668380462725,342,0.8791773778920309,1012,2.6002570694087406,0.19794344473007713,0.675,1.1689667177663838,0.3418043202033037,-9.11312204476164,-0.011579570577841982,142,787,1.6765718734769668,0.48333333333333334,160.68419949391122,0.44634499859419785,0.4472049689440994,1.044333272357374,0.418013856812933,55.277573646239055,0.12766183290124494,0.537888198757764,2.0404752908360675,0.30991735537190085,160.68419949391122,0.3487323786947563,0.30062111801242236,1.1745362521380236,0.4991119005328597,0.2234030465828599,0.6993788819875777,0.046,0.103,0.149,-1.492,69.2,4.0,78,0,1.2886836027713626,452,1.043879907621247,1246,2.8782909930715936,0.20785219399538107,0.7037037037037037,1.356967229391825,0.4422360248447205,210.16915087028116,0.2610796905220884,139,805
2025,Old Dominion,Sun Belt,1.8024593675541165,0.42528735632183906,129.10168620536777,0.3709818569119763,0.38839285714285715,0.9748831237747618,0.4758364312267658,86.95947366872113,0.16163470942141475,0.6004464285714286,2.308917468867857,0.3333333333333333,0.4666320627335905,0.2845982142857143,1.0023025568679278,0.5023400936037441,0.1449428510205284,0.7154017857142857,0.041,0.096,0.138,1.467,69.7,3.941860465116279,86,1029,1.912639405204461,705,1.3104089219330854,1731,3.2182156133828994,0.15427509293680297,0.6285714285714286,1.2751828210448173,0.45424107142857145,211.89954350122426,0.23649502622904495,169,896,1.4908209022794878,0.33867276887871856,34.885703818043936,0.07982998585364745,0.4765539803707743,0.7868039008238477,0.42516268980477223,-1.562556026532709,-0.0033894924653637935,0.5027262813522355,1.8440350877574243,0.25524475524475526,34.885703818043936,0.2139072744819133,0.311886586695747,0.887105475059491,0.43423137876386686,-0.07040030688251811,0.688113413304253,0.068,0.118,0.186,-1.378,71.0,3.028985507246377,69,0,0.89587852494577,481,1.0433839479392626,1319,2.861822125813449,0.21475054229934923,0.6065573770491803,1.0884191976155404,0.37840785169029445,16.754886858958272,0.018271414240957767,171,917
2025,Ole Miss,SEC,1.5713032703667404,0.5055970149253731,248.32183973801895,0.46328701443660253,0.4855072463768116,0.9569366124980269,0.4658273381294964,89.47257826067295,0.16092190334653406,0.5036231884057971,2.135985442717265,0.3859060402684564,0.5355644878187054,0.26992753623188404,1.044718954108461,0.5210918114143921,0.22289869476884105,0.730072463768116,0.06,0.073,0.133,1.247,71.9,4.43859649122807,114,745,1.3399280575539567,579,1.04136690647482,1596,2.87068345323741,0.20323741007194246,0.79,1.279290255398204,0.4846014492753623,339.2545653536601,0.30729580195077905,176,1104,1.5718814778520236,0.3615702479338843,55.10808749063058,0.11385968489799707,0.4820717131474104,1.0623224879850905,0.4209486166007905,80.32922014062959,0.15875339948741024,0.5039840637450199,2.0966572285501006,0.2823529411764706,55.10808749063058,0.24593844582802304,0.3386454183266932,1.0267818715998904,0.4427710843373494,0.04022881685431208,0.6613545816733067,0.069,0.099,0.167,-1.148,72.7,3.097560975609756,82,0,1.1304347826086958,532,1.051383399209486,1524,3.0120553359683795,0.1976284584980237,0.6545454545454545,1.2901358056184036,0.3884462151394422,110.33100597279105,0.10989144021194328,176,1004
2025,Oregon,Big Ten,1.6716824592353872,0.47533632286995514,180.3913993852951,0.40446502104326254,0.4537131230925738,1.0637435190565143,0.4797687861271676,123.47681273478645,0.23791293397839394,0.5279755849440488,2.1523407862302166,0.3169811320754717,0.4113167426082023,0.2695829094608342,1.1655782939789576,0.532033426183844,0.26262853814392323,0.7304170905391658,0.032,0.077,0.109,1.45,68.9,4.099009900990099,101,1008,1.9421965317919074,607,1.1695568400770713,1598,3.0789980732177264,0.17341040462427745,0.7246376811594203,1.3434496445135193,0.474059003051882,297.56622717851053,0.302712336905911,165,983,1.5398812270615974,0.3506787330316742,45.47203162719099,0.10287789960902939,0.47171824973319104,0.9490877137519368,0.3865546218487395,30.535108026850374,0.06414938661103019,0.5080042689434365,1.9312990840169166,0.27129337539432175,45.47203162719099,0.18069652751676446,0.3383137673425827,0.9882252277626423,0.4112903225806452,-0.03075874566644148,0.6616862326574173,0.086,0.096,0.182,-1.135,73.4,3.903225806451613,62,0,0.7436974789915967,383,0.8046218487394958,1323,2.7785714285714285,0.1638655462184874,0.704225352112676,1.226067901187474,0.3639274279615795,38.210376909620614,0.040779484428623926,166,937
2025,Oregon State,Pac-12,1.3716363519129147,0.4100877192982456,56.66825017358873,0.12427247845085247,0.5308498253783469,0.7338998289420842,0.44387755102040816,6.942170969920901,0.017709619821226787,0.4563445867287544,1.7009118351227341,0.2777777777777778,0.07704163739668245,0.31431897555296856,0.9126764463719321,0.4906621392190153,0.05482040824369998,0.6856810244470314,0.071,0.091,0.163,1.277,71.7,2.891891891891892,74,415,1.058673469387755,379,0.9668367346938775,1110,2.8308673469387755,0.16071428571428573,0.75,1.0750875841639929,0.42374854481955765,53.090462552643544,0.06180496222659319,151,859,1.95825368453305,0.36338028169014086,111.11475904515832,0.31299932125396707,0.4658792650918635,0.9582766054735924,0.4151898734177215,36.29056094878078,0.09187483784501464,0.5183727034120735,2.4662213557889263,0.2924901185770751,111.11475904515832,0.4386932157862403,0.3320209973753281,1.0516690075833235,0.4361493123772102,0.05661831937558781,0.6679790026246719,0.073,0.099,0.172,-1.545,68.2,3.4054054054054053,74,0,1.3493670886075948,422,1.0683544303797468,1039,2.629367088607595,0.23291139240506328,0.725,1.4053070946347241,0.3884514435695538,139.808108156093,0.18347520755392782,148,762
2025,Penn State,Big Ten,1.4483064819204032,0.45058139534883723,100.54875929566431,0.29229290492925675,0.4241676942046856,0.996234382654076,0.47555555555555556,92.86366025005856,0.20636368944457456,0.5548705302096177,2.022748872129027,0.3130841121495327,0.34906942637690697,0.2638717632552404,1.018256090989624,0.5159128978224455,0.18446434494286842,0.7361282367447596,0.047,0.088,0.135,1.506,68.1,4.32,75,556,1.2355555555555555,479,1.0644444444444443,1406,3.1246666666666667,0.16444444444444445,0.7468354430379747,1.1977254678865308,0.4623921085080148,184.82607117555054,0.2278989780216406,130,811,1.502968460365433,0.3795811518324607,62.60486187087896,0.16388707296041613,0.47869674185463656,0.9291673527732442,0.44226044226044225,41.325633399821015,0.10153718280054302,0.5100250626566416,1.9183707073981964,0.2875,62.60486187087896,0.24934111132971887,0.3007518796992481,0.9877051197192209,0.460573476702509,0.04273134337010581,0.6992481203007519,0.051,0.108,0.159,-1.171,73.2,3.3333333333333335,66,0,1.1670761670761671,440,1.0810810810810811,1194,2.9341523341523343,0.18427518427518427,0.6716417910447762,1.18468648643655,0.40852130325814534,83.68595631965157,0.10486961944818493,132,798
2025,Pittsburgh,ACC,1.645545627236835,0.40040650406504064,151.69392263402125,0.30832098096345784,0.5503355704697986,0.9397658637902189,0.41450777202072536,22.87051832699597,0.05925004747926417,0.4317673378076063,1.9730443965518876,0.31438127090301005,0.3564030356563127,0.3344519015659955,1.121361845502546,0.4470588235294118,0.08152961322961622,0.6655480984340044,0.077,0.107,0.184,1.656,66.7,3.648936170212766,94,441,1.1424870466321244,413,1.0699481865284974,1062,2.7520725388601037,0.22020725388601037,0.7222222222222222,1.3437456227209852,0.40268456375838924,155.07462753285915,0.17346155205017802,166,894,1.6701616763177425,0.3730684326710817,98.16688979319007,0.2167039509783445,0.5124434389140271,0.904742193887075,0.34375,-28.418193614578296,-0.06831296541965937,0.47058823529411764,2.065835291850264,0.2601880877742947,98.16688979319007,0.17356749350741282,0.3608597285067873,1.066295519810623,0.41061946902654867,0.011462751740063778,0.6391402714932126,0.064,0.125,0.189,-1.473,69.0,3.805555555555556,72,0,0.8125,336,0.8076923076923077,969,2.3295673076923076,0.25721153846153844,0.7142857142857143,1.3296663168877347,0.3563348416289593,61.84448516200072,0.06995982484389222,175,884
2025,Purdue,Big Ten,1.4130092550008986,0.42168674698795183,49.270470080526096,0.11872402429042432,0.5286624203821656,1.0061861091656217,0.42777777777777776,44.91945648836975,0.12477626802324929,0.4585987261146497,1.9370114242924443,0.3411764705882353,0.3223412797567776,0.3248407643312102,0.9647982817188143,0.45849056603773586,-0.01087305668040997,0.6751592356687898,0.06,0.1,0.16,1.195,72.5,3.0615384615384613,65,365,1.0138888888888888,372,1.0333333333333332,1045,2.9030555555555555,0.19722222222222222,0.5882352941176471,1.2211090193064076,0.42038216560509556,76.43430629736102,0.09736854305396307,128,785,1.6608851928961008,0.484472049689441,137.90142215141478,0.428265286184518,0.4236842105263158,0.889446828426221,0.47540983606557374,76.08720665628918,0.17819017952292548,0.5618421052631579,1.9142103883205406,0.3222748815165877,137.90142215141478,0.2699239161256634,0.2776315789473684,1.0888850349553851,0.5373406193078324,0.26963036860161776,0.7223684210526315,0.057,0.095,0.152,-1.238,72.4,4.028985507246377,69,0,1.2622950819672132,502,1.1756440281030445,1372,3.2131147540983607,0.18969555035128804,0.7457627118644068,1.243491437238665,0.4776315789473684,204.98101866480314,0.26971186666421465,130,760
2025,Rice,American Athletic,1.7091994604946623,0.3133047210300429,18.104753818457684,0.07770280608780122,0.27541371158392436,1.0445916291668795,0.3756260434056761,20.606662086581586,0.03440177309946842,0.7080378250591016,2.112080675601298,0.19927536231884058,0.029128861644878302,0.3262411347517731,1.005676988849456,0.43157894736842106,0.04141173133166699,0.6737588652482269,0.033,0.143,0.176,1.153,73.0,3.2142857142857144,56,727,1.2136894824707847,564,0.9415692821368948,1599,2.6689482470784642,0.21035058430717862,0.6984126984126984,1.2078437754652411,0.3557919621749409,31.644252673036597,0.037404553987040894,144,846,1.884801655073337,0.40100250626566414,144.30001985141257,0.3616541850912596,0.4661214953271028,1.1338615911639771,0.42663656884875845,69.1586027586132,0.15611422744607945,0.5175233644859814,2.3437066356846703,0.3244274809160305,144.30001985141257,0.42252038135358977,0.3060747663551402,1.2109928677977488,0.45286195286195285,0.15920079484725755,0.6939252336448598,0.05,0.085,0.135,-1.396,70.2,3.7125,80,0,1.3521444695259595,504,1.1376975169300225,1322,2.983295711060948,0.19187358916478556,0.5972222222222222,1.4829721623468684,0.4135514018691589,205.2656120539115,0.2397962757639153,151,856
2025,Rutgers,Big Ten,1.5385544558631798,0.47294117647058825,149.03343962963464,0.3506669167756109,0.4868270332187858,0.8496180881090288,0.4520547945205479,35.52570104947065,0.08110890650564075,0.5017182130584192,1.8438352635410231,0.34901960784313724,0.3449386510392184,0.2920962199312715,1.0427472115020906,0.5080906148867314,0.15454655376696347,0.7079037800687286,0.071,0.087,0.159,1.231,71.9,3.3780487804878048,82,333,0.7602739726027398,425,0.9703196347031964,1329,3.034474885844749,0.1552511415525114,0.7368421052631579,1.219662438875453,0.4616265750286369,183.46912624298412,0.2101593656849761,125,873,1.5731526773286635,0.4789156626506024,140.5608604448955,0.42337608567739604,0.46629213483146065,1.149985225239647,0.47554347826086957,100.82451950172067,0.27397967255902356,0.5168539325842697,2.0778762551873027,0.3333333333333333,140.5608604448955,0.3374034954299251,0.2949438202247191,1.1524041512456966,0.5318725099601593,0.29672968839857394,0.7050561797752809,0.039,0.085,0.124,-1.19,73.2,4.453333333333333,75,0,2.885869565217391,524,1.423913043478261,1169,3.1752717391304346,0.1983695652173913,0.6818181818181818,1.3446387128952884,0.47331460674157305,219.81303761636838,0.3087261764274837,126,712
2025,Sam Houston,Conference USA,1.3830221957414897,0.33886255924170616,-8.823788943104688,-0.020909452471812057,0.5509138381201044,1.0849634766145377,0.3957703927492447,22.79525990195205,0.06886785468867689,0.4321148825065274,2.0044665943865545,0.213768115942029,-0.02642868292917304,0.360313315926893,1.0494939688717368,0.44693877551020406,0.016617144540278017,0.639686684073107,0.07,0.13,0.2,1.147,73.2,2.7884615384615383,52,648,1.957703927492447,367,1.108761329305136,856,2.585498489425982,0.256797583081571,0.6410256410256411,1.2521680152939463,0.3629242819843342,0.8480843362844707,0.0011071597079431732,146,766,1.521712040691205,0.5,141.8246763255875,0.3732228324357566,0.46511627906976744,1.020605816132961,0.4657210401891253,74.5075836675589,0.1761408597341818,0.5177478580171359,1.7657195553183065,0.34375,141.8246763255875,0.17396571488102816,0.2741738066095471,1.1437161708460446,0.5295109612141653,0.260501026478554,0.7258261933904528,0.047,0.098,0.144,-1.448,69.8,3.8526315789473684,95,0,1.8085106382978724,554,1.3096926713947992,1231,2.911111111111111,0.17257683215130024,0.6833333333333333,1.26620788594672,0.4785801713586291,193.44542883513282,0.23677531069171706,143,817
2025,San Diego State,Mountain West,1.675214917278242,0.3525641025641026,24.876969545645316,0.07973387674886319,0.3611111111111111,0.9334002011040161,0.4533582089552239,84.39337754079261,0.15745033123282204,0.6203703703703703,1.9533254261299056,0.20610687022900764,0.07383461326311962,0.30324074074074076,1.0399983469779377,0.5016611295681063,0.1373156097740406,0.6967592592592593,0.055,0.074,0.129,1.525,68.3,3.513157894736842,76,625,1.166044776119403,603,1.125,1747,3.258955223880597,0.15485074626865672,0.7746478873239436,1.1785367241526745,0.41203703703703703,102.00866575890977,0.11806558536910854,156,864,1.4282803331029166,0.32662192393736017,-22.23385460824589,-0.049740166908827495,0.49666666666666665,0.918777100470537,0.38940092165898615,22.78722969263398,0.05250513754063129,0.4822222222222222,1.7421104528712588,0.23717948717948717,-22.23385460824589,0.05952626752760411,0.3466666666666667,0.9717704774562677,0.4166666666666667,-0.05894224060617194,0.6533333333333333,0.071,0.081,0.152,-1.135,73.7,2.423728813559322,59,0,0.9930875576036866,381,0.8778801843317973,1301,2.997004608294931,0.16589861751152074,0.639344262295082,1.1504700328816888,0.35444444444444445,-16.085842007816616,-0.01787315778646291,162,900
2025,San José State,Mountain West,1.464712522888925,0.4074074074074074,104.99403978155884,0.2160371188920964,0.597051597051597,0.9303121392957614,0.4775641025641026,39.89641131980184,0.1278731132044931,0.3832923832923833,1.7855058052582968,0.30916030534351147,0.27966923011632955,0.32186732186732187,1.084437624406762,0.49094202898550726,0.1206000798963734,0.6781326781326781,0.092,0.061,0.154,1.179,72.8,2.7727272727272725,66,345,1.1057692307692308,370,1.185897435897436,969,3.1060897435897434,0.19230769230769232,0.7083333333333334,1.2457629728413482,0.43243243243243246,139.84458239327645,0.1717992412693814,145,814,1.7536362490522832,0.43131868131868134,125.93048441424064,0.34596286926989184,0.44014510278113667,0.8759894487542048,0.4251101321585903,48.16436756217133,0.10608891533517914,0.5489721886336155,2.1548735912700043,0.28125,125.93048441424064,0.3263026128504049,0.309552599758162,1.0520133100313882,0.4886164623467601,0.14856788401362106,0.6904474002418379,0.046,0.075,0.121,-1.509,68.2,4.0375,80,0,0.7026431718061674,408,0.8986784140969163,1383,3.045374449339207,0.13656387665198239,0.8032786885245902,1.278241060029053,0.4244256348246675,168.36573066148128,0.20358613139235948,137,827
2025,SMU,ACC,1.611414483018829,0.44731182795698926,188.94361741742128,0.40633036003746514,0.5400696864111498,1.0390224630287206,0.42744063324538256,54.34583203306089,0.14339269665715274,0.44018583042973286,2.081947699427571,0.32575757575757575,0.390209832173698,0.30662020905923343,1.156967587523939,0.4807370184254606,0.18598833446014285,0.6933797909407665,0.072,0.095,0.168,1.261,72.4,3.8875,80,562,1.482849604221636,389,1.0263852242744063,1120,2.954617414248021,0.19525065963060687,0.7547169811320755,1.3702337795446156,0.4332171893147503,214.05043136656155,0.24860677278346288,164,861,1.4911728425720658,0.4192377495462795,95.28576477882731,0.17293242246611126,0.5576923076923077,0.8076296711712552,0.3798076923076923,-21.860944612112764,-0.05255034762527107,0.42105263157894735,1.937339214371268,0.330188679245283,95.28576477882731,0.29302213740369115,0.32186234817813764,0.9435766289776087,0.42686567164179107,-0.09108047166247385,0.6781376518218624,0.084,0.104,0.188,-1.347,70.2,2.7866666666666666,75,0,0.4807692307692308,374,0.8990384615384616,1161,2.7908653846153846,0.21153846153846154,0.5909090909090909,1.2104438194285914,0.395748987854251,32.15712368051631,0.032547696032911244,165,988
2025,South Alabama,Sun Belt,1.5090975069545314,0.3963963963963964,70.09244535816457,0.2104878238983921,0.3858632676709154,1.0174600993740286,0.4362934362934363,76.48353888741067,0.14765161947376576,0.6002317497103129,2.1050745986596544,0.2748091603053435,0.2890231825807137,0.30359212050984935,0.9757671903179826,0.480865224625624,0.10401367091429342,0.6964078794901506,0.041,0.089,0.13,1.285,71.4,4.013333333333334,75,533,1.028957528957529,542,1.0463320463320462,1592,3.073938223938224,0.15444015444015444,0.7631578947368421,1.2010030169124435,0.4183082271147161,138.23629005563734,0.16018110087559367,137,863,1.7631199263854906,0.39655172413793105,117.92977664920994,0.3388786685322125,0.4355444305381727,0.9375329523231829,0.4671201814058957,82.06276410868881,0.18608336532582495,0.5519399249061326,2.2683334919906475,0.29277566539923955,117.92977664920994,0.3764070068962851,0.32916145181476847,0.9803398116879599,0.5018656716417911,0.17369879069001426,0.6708385481852316,0.062,0.084,0.146,-1.39,70.1,4.352112676056338,71,0,0.9410430839002267,520,1.179138321995465,1391,3.1530612244897958,0.17006802721088435,0.875,1.2669742434316216,0.4330413016270338,192.09759462357061,0.24042252143125234,132,799
2025,South Carolina,SEC,1.6020590821634495,0.3655913978494624,65.21267079137789,0.1753028784714459,0.493368700265252,1.0699459310348047,0.40700808625336926,38.79191226452558,0.10456041041651098,0.4920424403183024,1.8496788062918699,0.26022304832713755,0.1638492591563452,0.356763925729443,1.1552768920833207,0.44948453608247424,0.07214276163286577,0.6432360742705571,0.062,0.135,0.198,1.168,73.4,2.6129032258064515,62,394,1.0619946091644206,411,1.1078167115902966,1068,2.878975741239892,0.1752021563342318,0.6379310344827587,1.3240551351201209,0.3819628647214854,79.06469010499677,0.10486033170423975,137,754,1.457671173710571,0.4479166666666667,91.05526631024892,0.23712308934960658,0.47348951911220716,0.8523415495340724,0.3927710843373494,-24.13581072289813,-0.05815858005517621,0.5117139334155364,1.9140195588790367,0.2967479674796748,91.05526631024892,0.15189384919343382,0.3033292231812577,0.9717376603297099,0.47079646017699117,0.04677867444205815,0.6966707768187423,0.059,0.101,0.16,-1.405,70.3,3.1515151515151514,66,0,1.180722891566265,375,0.9036144578313253,1093,2.633012048192771,0.2289156626506024,0.6363636363636364,1.1746479216692405,0.41800246609124536,63.79583796134757,0.07866317874395508,142,811
2025,Southern Miss,Sun Belt,1.723507594402499,0.3978260869565217,112.11579455428372,0.24372998816148636,0.5071664829106945,0.9246829877257229,0.40045766590389015,45.24458441330676,0.10353451810825347,0.48180815876515987,2.012764510039759,0.3089171974522293,0.3450641188890236,0.3461962513781698,1.0803956136161004,0.44013490725126475,0.06588589923775846,0.6538037486218302,0.076,0.088,0.163,1.379,70.5,3.5952380952380953,84,279,0.6384439359267735,451,1.032036613272311,1316,3.011212814645309,0.1853546910755149,0.6964285714285714,1.3330207056638514,0.3947078280044101,147.42047157914416,0.16253635234745775,161,907,1.4858130873542814,0.40454545454545454,60.216734196383655,0.1368562140826901,0.45454545454545453,1.0113603377770388,0.4319526627218935,78.29481494606507,0.1544276428916471,0.5237603305785123,2.1630195495098095,0.29260450160771706,60.216734196383655,0.2771776874539203,0.3212809917355372,0.9376350615997261,0.4733637747336377,0.0393790042353841,0.6787190082644629,0.084,0.09,0.174,-1.245,72.1,3.9367088607594938,79,0,1.232741617357002,527,1.039447731755424,1542,3.042011834319527,0.1834319526627219,0.7878787878787878,1.2150230924450436,0.4152892561983471,112.07426658081656,0.11577920101324025,163,968
2025,South Florida,American Athletic,1.6753437480266906,0.45714285714285713,186.36185374733464,0.4437186993984158,0.4550379198266522,1.0012049679199766,0.48261758691206547,98.25844473865108,0.20093751480296743,0.5297941495124594,2.1918925348862794,0.296875,0.38296256500106135,0.27735644637053086,1.1067437896705528,0.5322338830584707,0.2649948133707566,0.7226435536294691,0.062,0.076,0.138,1.363,70.5,4.453488372093023,86,892,1.8241308793456033,611,1.2494887525562373,1597,3.2660531697341515,0.1554192229038855,0.7638888888888888,1.2980925243257622,0.466955579631636,274.7899571585663,0.2977139297492593,164,923,1.591974437007839,0.384,84.88739319132058,0.16977478638264115,0.508646998982706,1.0420604548760355,0.37872340425531914,12.488341343147265,0.026570939027972907,0.47812817904374366,2.026219143882627,0.2949438202247191,84.88739319132058,0.2876984125260909,0.3621566632756867,1.0529244767074375,0.4274322169059011,-0.037771812973550846,0.6378433367243134,0.056,0.105,0.161,-1.322,70.8,3.148148148148148,81,0,1.1191489361702127,476,1.0127659574468084,1247,2.653404255319149,0.2170212765957447,0.7916666666666666,1.3269082302017938,0.37945066124109866,78.73770812487199,0.08009939788898472,167,983
2025,Stanford,ACC,1.5640853753525177,0.36428571428571427,77.88271311804225,0.18543503123343394,0.5283018867924528,0.7787163320454523,0.37464788732394366,-7.238601948224947,-0.020390428023168865,0.44654088050314467,1.9277370222011632,0.2546816479400749,0.19236964125446313,0.33584905660377357,1.0000305634775517,0.42045454545454547,-0.002018466044603165,0.6641509433962264,0.073,0.098,0.172,1.044,74.6,3.0166666666666666,60,234,0.6591549295774648,237,0.6676056338028169,929,2.6154929577464787,0.18591549295774648,0.82,1.2175617331092952,0.36477987421383645,50.29694414339119,0.06326659640678137,138,795,1.6003313983901524,0.42857142857142855,161.95655512820818,0.3505553141303207,0.555956678700361,0.8928294251659278,0.4265927977839335,-3.201606651960903,-0.008868716487426324,0.43441636582430804,1.9360723552556462,0.34050179211469533,161.95655512820818,0.35484251904567987,0.33574007220216606,1.0698798182501426,0.4673913043478261,0.08920471187806117,0.6642599277978339,0.058,0.087,0.146,-1.446,69.7,3.458823529411765,85,0,1.0526315789473684,352,0.9750692520775623,1012,2.801939058171745,0.18559556786703602,0.75,1.3029911242431251,0.42478941034897716,148.24206377043444,0.17838996843614255,140,831
2025,Syracuse,ACC,1.5203455538364734,0.3665893271461717,46.362959397237496,0.10757067145530741,0.5112692763938316,0.8620852664508981,0.4183168316831683,10.07775059641679,0.02494492721885344,0.4792408066429419,2.017319407411993,0.26765799256505574,0.17901872386877382,0.3190984578884935,0.9415283071700804,0.44773519163763065,-0.007057433424747503,0.6809015421115066,0.083,0.105,0.188,1.196,72.4,2.984848484848485,66,309,0.7648514851485149,418,1.0346534653465347,1102,2.728217821782178,0.18811881188118812,0.7205882352941176,1.176959794153113,0.3902728351126928,44.10506993489509,0.0523191814174319,150,843,1.4906636934731246,0.45591939546599497,159.5738170502864,0.40194916133573405,0.5038071065989848,1.1021526082921167,0.4497354497354497,56.87632424569028,0.1504664662584399,0.4796954314720812,2.083292362290031,0.31877729257641924,159.5738170502864,0.45478638578415415,0.2906091370558376,1.102681966581842,0.5026833631484794,0.18909233128740982,0.7093908629441624,0.052,0.082,0.134,-1.379,70.5,4.148648648648648,74,0,2.1084656084656084,500,1.3227513227513228,1096,2.8997354497354495,0.21164021164021163,0.6363636363636364,1.3048982346233613,0.44923857868020306,209.8486955342334,0.26630545118557536,146,788
2025,TCU,Big 12,1.6335968020249823,0.4597457627118644,174.57896736300904,0.3698706935656971,0.5186813186813187,0.8252458369892199,0.4380952380952381,24.620523187188823,0.05862029330283053,0.46153846153846156,2.142646946164141,0.33448275862068966,0.3971083987986304,0.31868131868131866,0.98792063277218,0.4967741935483871,0.10343677289495856,0.6813186813186813,0.06,0.094,0.153,1.394,70.0,4.139240506329114,79,460,1.0952380952380951,394,0.9380952380952381,1151,2.7404761904761905,0.21428571428571427,0.7627118644067796,1.2644847127697607,0.44505494505494503,179.29223484647713,0.19702443389722762,151,910,1.6436064602942753,0.4337078651685393,141.3890517078133,0.3177282060849737,0.4938956714761376,0.8600332965260578,0.37813211845102507,13.005880699622177,0.029626151935358034,0.4872364039955605,2.1252921844224164,0.31095406360424027,141.3890517078133,0.3361335689103554,0.31409544950055496,1.0096947476814504,0.4449838187702265,0.0516747623432773,0.6859045504994451,0.057,0.092,0.149,-1.305,71.0,3.4878048780487805,82,0,0.7585421412300684,417,0.9498861047835991,1227,2.7958997722095673,0.17539863325740318,0.6956521739130435,1.280142611133806,0.40288568257491675,127.06080312977595,0.1410219790563551,148,901
2025,Temple,American Athletic,1.511242312826005,0.44542772861356933,114.66611293073774,0.33824812073963934,0.47545582047685836,0.8971438671309269,0.410958904109589,18.66158812115808,0.05112763868810433,0.511921458625526,1.7968251143822336,0.28054298642533937,0.21402051846542527,0.30995792426367463,1.0435608724592216,0.49390243902439024,0.16463413820259165,0.6900420757363254,0.051,0.093,0.144,1.284,71.8,4.583333333333333,60,449,1.2301369863013698,344,0.9424657534246575,985,2.6994520547945204,0.20821917808219179,0.5531914893617021,1.196683439669801,0.4277699859747546,128.2985305765341,0.17994183811575606,125,713,1.6728449390410123,0.4101694915254237,104.33718132282108,0.3536853604163427,0.39703903095558546,0.9851681879798354,0.4804597701149425,93.25248031758734,0.21437351797146514,0.585464333781965,1.790639242418699,0.3113207547169811,104.33718132282108,0.3392762552346986,0.2853297442799462,1.119866076724513,0.504708097928437,0.22568152593675056,0.7146702557200538,0.056,0.091,0.146,-1.127,74.3,4.770491803278689,61,0,1.1540229885057471,503,1.1563218390804597,1439,3.3080459770114943,0.15172413793103448,0.75,1.2524140675503102,0.44952893674293404,191.76345638217066,0.2580934809988838,126,743
2025,Tennessee,SEC,1.538812649651892,0.5,182.65809051468858,0.40590686781041907,0.4782146652497343,0.9488406811418506,0.5095137420718816,111.46058973106415,0.2356460670847022,0.5026567481402763,2.17029501082635,0.3441295546558704,0.43471373838206795,0.2624867162592986,1.0482599717545678,0.5605187319884726,0.27428899829735803,0.7375132837407014,0.048,0.076,0.124,1.256,71.8,4.685393258426966,89,606,1.281183932346723,494,1.0443974630021142,1443,3.0509513742071883,0.13953488372093023,0.8441558441558441,1.2494687867779888,0.5037194473963869,297.7308581987373,0.316398361528945,151,941,1.4919768007385903,0.4164859002169197,92.10016607688377,0.19978344051384764,0.4956989247311828,0.8400917603981858,0.4772234273318872,46.11444325706786,0.10003133027563527,0.4956989247311828,2.0820672155904516,0.27526132404181186,92.10016607688377,0.24462614412714775,0.3086021505376344,0.9274815831443439,0.5225505443234837,0.10208157248654538,0.6913978494623656,0.069,0.115,0.184,-1.195,72.6,4.0875,80,0,1.2559652928416487,521,1.1301518438177873,1333,2.891540130151844,0.19956616052060738,0.7910447761194029,1.1472701734172175,0.44623655913978494,135.84615447334008,0.14607113384230117,156,930
2025,Texas,SEC,1.7414272963961321,0.39908256880733944,130.34034826774288,0.2989457529076672,0.5172004744958482,0.9161602806735566,0.41836734693877553,27.571649777634544,0.07033584126947588,0.465005931198102,2.14880243166442,0.3263157894736842,0.4126704281832164,0.33807829181494664,1.0719538364158965,0.4444444444444444,0.059090214400805204,0.6619217081850534,0.057,0.101,0.159,1.546,68.7,3.5176470588235293,85,393,1.0025510204081634,433,1.1045918367346939,1107,2.825,0.22193877551020408,0.6415094339622641,1.3656398169382211,0.4045077105575326,150.583411667866,0.17862800909592644,156,843,1.4610554124501967,0.39059304703476483,89.6895634613889,0.18341424020733926,0.5482062780269058,0.8460724716791412,0.3944020356234097,8.053556389259668,0.020492509896335033,0.4405829596412556,1.8021136494066217,0.2755102040816326,89.6895634613889,0.2097677894274068,0.3295964125560538,0.9906517007142124,0.4498327759197324,0.04346013109077351,0.6704035874439462,0.067,0.112,0.179,-1.161,73.7,3.765625,64,0,0.7251908396946565,406,1.0330788804071247,1036,2.6361323155216283,0.21628498727735368,0.5882352941176471,1.1784471802687413,0.3923766816143498,87.66088848394016,0.09827453865912573,156,892
2025,Texas A&M,SEC,1.5546792449844566,0.4576271186440678,153.18497796183647,0.3709079369535992,0.4553472987872106,0.9472949924381941,0.46361746361746364,75.80336436381987,0.15759535210773362,0.5303197353914002,1.9918901617593703,0.2894736842105263,0.2559597647026129,0.2932745314222712,1.0548437357779306,0.5241809672386896,0.2236113600903523,0.7067254685777288,0.052,0.06,0.111,1.591,67.5,4.141304347826087,92,600,1.2474012474012475,555,1.1538461538461537,1490,3.098128898128898,0.16424116424116425,0.7534246575342466,1.2295473067236227,0.4553472987872106,211.42017922881087,0.23309832329527108,163,907,1.6139936402016193,0.31971153846153844,42.74090521154552,0.10274256060467672,0.5239294710327456,1.2512812154470938,0.35501355013550134,49.236952860101916,0.13343347658564206,0.464735516372796,2.2983889539858233,0.2197452229299363,42.74090521154552,0.20527095971509973,0.3954659949622166,1.1420041048073715,0.41458333333333336,0.0603571109727088,0.6045340050377834,0.057,0.157,0.214,-1.114,73.6,3.912280701754386,57,0,1.932249322493225,436,1.1815718157181572,961,2.603252032520325,0.21951219512195122,0.7241379310344828,1.4397300547824206,0.33753148614609574,93.42649461744153,0.11766561034942259,162,794
2025,Texas State,Sun Belt,1.6330574419516266,0.4621212121212121,159.3800986914421,0.40247499669556086,0.4095139607032058,1.1394746089585366,0.45340501792114696,142.65036397162388,0.25564581356921845,0.5770423991726991,2.0594607068398734,0.36971830985915494,0.5265379812437513,0.2936918304033092,1.1243480172131142,0.49487554904831627,0.2209137519370993,0.7063081695966908,0.037,0.086,0.122,1.226,72.6,4.423529411764706,85,851,1.525089605734767,642,1.1505376344086022,1732,3.103405017921147,0.16845878136200718,0.6753246753246753,1.345988722429389,0.4581178903826267,300.4208792462642,0.3106730912577706,155,967,1.5785301016221291,0.41839080459770117,108.46983924834187,0.2493559522950388,0.4593453009503696,1.0449975880863305,0.4088176352705411,42.22969223273773,0.08462864174897342,0.5269271383315733,1.8469076935550455,0.3226837060702875,108.46983924834187,0.279032687411233,0.33051742344244983,1.1108374176257971,0.45425867507886436,0.09804235610626097,0.6694825765575502,0.047,0.111,0.157,-1.411,69.2,3.975609756097561,82,0,1.2785571142284569,575,1.1523046092184368,1351,2.706813627254509,0.24048096192384769,0.72,1.3019507797565275,0.41077085533262936,149.4960849310854,0.1578628140771757,154,947
2025,Texas Tech,Big 12,1.5980204193005918,0.4457831325301205,195.1791125966457,0.39192592890892713,0.4783861671469741,1.04700524283127,0.4364326375711575,80.2045212590847,0.1521907424271057,0.5062439961575408,2.045784138993071,0.3371757925072046,0.389896490980813,0.3333333333333333,1.0669947587890685,0.48703170028818443,0.1739833947462025,0.6666666666666666,0.063,0.09,0.152,1.826,64.0,4.0,112,788,1.4952561669829223,577,1.094876660341556,1485,2.8180265654648955,0.21062618595825428,0.7777777777777778,1.318683456555812,0.43707973102785785,256.03855832420663,0.24595442682440602,185,1041,1.4374728921178808,0.3196078431372549,12.726417877211823,0.024953760543552594,0.547798066595059,0.8013741020936176,0.3095823095823096,-58.99454380805599,-0.14494973908613265,0.4371643394199785,1.7721152501092885,0.23204419889502761,12.726417877211823,0.09079372747452852,0.38882921589688507,0.9236111636562231,0.36731107205623903,-0.16438923989781123,0.611170784103115,0.083,0.15,0.233,-1.166,72.7,2.4067796610169494,59,0,0.6339066339066339,301,0.7395577395577395,859,2.1113022113022115,0.2285012285012285,0.6481481481481481,1.1668683078953273,0.3147153598281418,-60.67014815607527,-0.06516664678418396,186,931
2025,Toledo,Mid-American,1.5597742795779217,0.4666666666666667,134.86809196513963,0.33300763448182624,0.46285714285714286,0.8791723619968603,0.43326039387308535,56.36415005665981,0.1233351204740915,0.5222857142857142,1.9020778229267148,0.30711610486891383,0.24709978416861053,0.30514285714285716,1.0259849999017223,0.506578947368421,0.18467453112242319,0.6948571428571428,0.038,0.089,0.127,1.531,68.8,3.857142857142857,84,585,1.2800875273522976,539,1.1794310722100656,1394,3.05054704595186,0.1925601750547046,0.7391304347826086,1.2101891319223619,0.44571428571428573,178.2577572954523,0.20372315119480264,162,875,1.6430532847114545,0.2830687830687831,-29.155156440596002,-0.07713004349364022,0.4570737605804111,0.8228076714039463,0.3822843822843823,-12.022152080650459,-0.028023664523660743,0.5187424425634825,2.066319229996471,0.20141342756183744,-29.155156440596002,-0.02603638442797669,0.3422007255139057,0.905033318166603,0.39889705882352944,-0.10453779510596715,0.6577992744860943,0.073,0.129,0.202,-1.248,72.3,2.45,60,0,0.62004662004662,314,0.7319347319347319,1020,2.3764568764568765,0.2097902097902098,0.6851851851851852,1.1466146939852253,0.3313180169286578,-64.23685733076354,-0.07767455541809376,168,827
2025,Troy,Sun Belt,1.6813164539314591,0.3786610878661088,74.3289805978362,0.15549995940969918,0.5085106382978724,0.8595567485540416,0.3842696629213483,2.1460480627821124,0.004822579916364297,0.4734042553191489,2.126718876908641,0.27672955974842767,0.2657720317551431,0.3382978723404255,1.0237469193846827,0.43086816720257237,-0.013604581853337442,0.6617021276595745,0.073,0.123,0.196,1.479,69.0,3.671641791044776,67,292,0.6561797752808989,395,0.8876404494382022,1245,2.796629213483146,0.23820224719101124,0.7678571428571429,1.2963916729299307,0.37872340425531914,76.05345618535962,0.08090793211208469,169,940,1.6962126457467293,0.3859223300970874,66.78521469463467,0.16210003566658904,0.43783209351753455,0.9735431631722585,0.4085603112840467,47.3957874330708,0.09220970317718055,0.5462274176408076,2.117464037193804,0.2744479495268139,66.78521469463467,0.22622744098680148,0.3368756641870351,1.034625377457325,0.4583333333333333,0.054623444159095834,0.6631243358129649,0.057,0.107,0.164,-1.351,71.1,3.1744186046511627,86,0,1.546692607003891,520,1.0116731517509727,1546,3.007976653696498,0.1926070038910506,0.65625,1.287190962972268,0.39638682252922425,105.79912794809186,0.11243265456757903,172,941
2025,Tulane,American Athletic,1.5409038772918762,0.4780600461893764,162.61041448824437,0.3755436824208877,0.45675105485232065,0.8854528574198736,0.4288577154308617,43.470796812372484,0.08711582527529556,0.5263713080168776,1.953646691550387,0.3333333333333333,0.37178557391910777,0.2911392405063291,0.9970975305676039,0.49404761904761907,0.136444614798436,0.7088607594936709,0.054,0.071,0.125,1.727,65.5,3.875,88,501,1.0040080160320641,519,1.0400801603206413,1548,3.1022044088176353,0.17835671342685372,0.7258064516129032,1.2046506504034908,0.4472573839662447,194.30359954622273,0.20496160289685944,162,948,1.4134965251970089,0.45849802371541504,126.41280689232595,0.24982768160538724,0.5195071868583162,0.9204376552576213,0.4365256124721604,38.991399171635145,0.08684053267624754,0.46098562628336753,1.8864816474823733,0.33090909090909093,126.41280689232595,0.3255620801241034,0.28234086242299794,0.9966725241423774,0.4907010014306152,0.08103087240521316,0.7176591375770021,0.064,0.101,0.165,-1.194,72.6,3.6511627906976742,86,0,0.7572383073496659,498,1.1091314031180401,1330,2.9623608017817373,0.1759465478841871,0.7230769230769231,1.183245404842699,0.4455852156057495,146.17015184537246,0.1500720244819019,161,974
2025,Tulsa,American Athletic,1.4462323799039656,0.3854875283446712,65.81713910880833,0.14924521339865837,0.4671610169491525,1.0565817232045014,0.4218106995884774,27.238945921390098,0.05604721383002078,0.5148305084745762,1.903980420731562,0.2823920265780731,0.259454080701212,0.3188559322033898,1.073497251276419,0.4618973561430793,0.043421161438587784,0.6811440677966102,0.061,0.11,0.17,1.276,72.6,3.3421052631578947,76,577,1.1872427983539096,543,1.117283950617284,1391,2.862345679012346,0.23251028806584362,0.6206896551724138,1.2582906266787413,0.4046610169491525,106.01548509607674,0.11230453929669147,151,944,1.539982805612654,0.4336734693877551,108.56659424117474,0.2769555975540172,0.43410852713178294,0.9349297188377048,0.42231075697211157,34.42872969202899,0.06858312687655177,0.5559246954595792,1.7854456759968167,0.32075471698113206,108.56659424117474,0.2948726009925242,0.29346622369878184,1.042070446757292,0.46865203761755486,0.09185816522494848,0.7065337763012182,0.04,0.087,0.127,-1.751,65.6,3.779220779220779,77,0,1.095617529880478,470,0.9362549800796812,1472,2.9328685258964144,0.1852589641434263,0.6829268292682927,1.2066196511462495,0.42524916943521596,136.74674867653604,0.15143604504599784,150,903
2025,UAB,American Athletic,1.5047801701090444,0.43018018018018017,115.72329114289396,0.260638043114626,0.5375302663438256,1.0389321311617308,0.4487534626038781,52.47057192652547,0.14534784467181572,0.437046004842615,2.0573238005893573,0.33725490196078434,0.33297989030816694,0.30871670702179177,1.0556056989514653,0.4746059544658494,0.10853482089919027,0.6912832929782082,0.059,0.093,0.153,1.308,71.1,3.6285714285714286,70,497,1.3767313019390581,383,1.0609418282548475,1121,3.1060941828254847,0.18005540166204986,0.6949152542372882,1.2969159419230583,0.4322033898305085,146.88325476202021,0.17782476363440705,129,826,1.8829220777019546,0.47183098591549294,139.16500018650657,0.4900176062905161,0.38430311231393777,0.9067812101758004,0.49777777777777776,96.02904144069623,0.21339786986821382,0.6089309878213802,2.1006849823866376,0.3118811881188119,139.16500018650657,0.37778249014234777,0.2733423545331529,1.0957953024210567,0.5549348230912476,0.3026493805212803,0.7266576454668471,0.041,0.08,0.12,-1.757,65.0,4.708860759493671,79,0,1.0266666666666666,493,1.0955555555555556,1508,3.35,0.14,0.8260869565217391,1.2711638615286236,0.4884979702300406,238.83478034868176,0.32318644160850035,125,739
2025,UCF,Big 12,1.457635184486561,0.4024390243902439,76.18248342241465,0.1858109351766211,0.5163727959697733,1.2489721292751963,0.40431266846361186,51.162786299375846,0.13790508436489446,0.4672544080604534,2.2123919541252195,0.25475285171102663,0.21403543391208227,0.33123425692695213,1.1423327833112622,0.4708097928436911,0.11736596218895462,0.6687657430730478,0.065,0.107,0.173,1.3,71.6,3.492063492063492,63,711,1.9164420485175202,410,1.105121293800539,988,2.6628032345013475,0.2371967654986523,0.6415094339622641,1.368496709003802,0.3992443324937028,118.61264504121255,0.1493862028226858,137,794,1.4251273912981972,0.3914285714285714,47.36033262103166,0.13531523606009044,0.43586550435865506,0.9256470512672258,0.45454545454545453,54.5520732345528,0.12398198462398363,0.547945205479452,1.7208707457542733,0.25098039215686274,47.36033262103166,0.11363398865674382,0.3175591531755915,0.993444276982217,0.5036496350364964,0.11327218194251511,0.6824408468244084,0.061,0.103,0.164,-1.336,71.2,3.5211267605633805,71,0,0.8863636363636364,454,1.0318181818181817,1293,2.9386363636363635,0.17045454545454544,0.864406779661017,1.1303716122804865,0.42341220423412207,91.04982281196796,0.11338707697629882,140,803
2025,UCLA,Big Ten,1.3068196972297599,0.40105540897097625,39.601514230509906,0.10448948345780978,0.514246947082768,1.0404376524517638,0.43440233236151604,65.96062231905475,0.19230502133835203,0.4654002713704206,1.9267717616429485,0.3116883116883117,0.27536420435119024,0.31343283582089554,0.931950313097108,0.45849802371541504,0.045177189431013426,0.6865671641791045,0.066,0.092,0.159,1.139,73.6,2.984126984126984,63,533,1.553935860058309,384,1.119533527696793,1042,3.0387755102040814,0.1924198250728863,0.6296296296296297,1.1675659193316492,0.412483039348711,86.46878905721773,0.11732535828659123,121,737,1.4566563623924644,0.47619047619047616,113.84869430814891,0.3388353997266336,0.43021766965428937,0.9205508036747932,0.5241379310344828,103.76062847129946,0.23853018039379184,0.5569782330345711,1.8232425149364972,0.40404040404040403,113.84869430814891,0.4656300343462827,0.2535211267605634,0.9738384167561148,0.5300171526586621,0.19140435448524443,0.7464788732394366,0.053,0.067,0.12,-1.447,69.4,4.605263157894737,76,0,1.218390804597701,527,1.2114942528735633,1446,3.324367816091954,0.135632183908046,0.7945205479452054,1.1485230641968105,0.4980793854033291,203.78348546546147,0.2609263578302964,116,781
2025,UConn,FBS Independents,1.582343280386021,0.4653679653679654,199.23122990963094,0.4312364283758246,0.5365853658536586,1.059881688499949,0.45758354755784064,82.86856537831318,0.21302973104964829,0.4518002322880372,2.418826586639323,0.2988929889298893,0.4837204105766078,0.3147502903600465,1.0640824762875176,0.5322033898305085,0.2334664686287167,0.6852497096399536,0.057,0.062,0.119,1.455,69.6,4.580246913580247,81,656,1.686375321336761,468,1.2030848329048842,1157,2.975064267352185,0.16966580976863754,0.7857142857142857,1.3418907622077614,0.45876887340301975,268.83344775720354,0.31223396952056165,153,861,1.529707418789905,0.4261904761904762,105.21088187016854,0.25050209969087744,0.4444444444444444,0.9294867140182215,0.5009823182711198,98.95976608222097,0.19441997265662272,0.5386243386243387,2.0591132912051044,0.32684824902723736,105.21088187016854,0.37351548751569486,0.27195767195767195,0.9752151836958433,0.5130813953488372,0.14623323055215046,0.728042328042328,0.053,0.095,0.148,-1.021,75.1,3.8,70,0,1.2514734774066798,633,1.243614931237721,1705,3.349901768172888,0.12180746561886051,0.6623376623376623,1.1835617306770285,0.4624338624338624,196.6019429114131,0.20804438403324135,152,945
2025,UL Monroe,Sun Belt,1.775590331552707,0.3769968051118211,58.2036809261306,0.18595425216016168,0.4241192411924119,1.0722388266719671,0.37254901960784315,19.215059846040177,0.04709573491676514,0.5528455284552846,2.1760811895781744,0.26838235294117646,0.1599695177189705,0.3685636856368564,1.07371759814684,0.4291845493562232,0.03308237984065637,0.6314363143631436,0.075,0.131,0.205,1.162,73.2,3.1864406779661016,59,603,1.477941176470588,506,1.2401960784313726,1119,2.7419117647058826,0.24509803921568626,0.7727272727272727,1.3684888149032042,0.3699186991869919,58.92809782530585,0.0798483710369998,142,738,1.6888616146358315,0.42513368983957217,119.65018294166295,0.3199202752450881,0.45554202192448234,1.0258001732352782,0.39359267734553777,35.51555422952786,0.08127129114308435,0.5322777101096224,2.2109753840720576,0.3132530120481928,119.65018294166295,0.37578237653634006,0.3032886723507917,1.0886997764525435,0.44755244755244755,0.10482989976821278,0.6967113276492083,0.048,0.096,0.144,-1.643,67.0,4.207792207792208,77,0,1.3112128146453088,382,0.8741418764302059,1251,2.863157894736842,0.16933638443935928,0.723404255319149,1.3507880920044062,0.40682095006090135,153.5325144249664,0.18700671671737684,137,821
2025,UNLV,Mountain West,1.6074617957228199,0.4601366742596811,156.79504050279263,0.3571641013731039,0.47357065803667747,1.1091718088079956,0.47558386411889597,122.1024383122212,0.25924084567350575,0.5080906148867314,2.0892487722836535,0.3626760563380282,0.4460021500330803,0.3063646170442287,1.1308595734689393,0.5116640746500778,0.23243913906316957,0.6936353829557713,0.056,0.104,0.16,1.254,71.8,4.447058823529412,85,932,1.9787685774946921,639,1.356687898089172,1509,3.202972399150743,0.18683651804670912,0.7,1.359364405593744,0.46601941747572817,276.12297702701284,0.2978672891337787,160,927,1.5542288648143165,0.4340425531914894,117.43788658866022,0.24986784380566004,0.4989384288747346,1.1081090724627671,0.4488888888888889,96.85553164156322,0.21523451475902936,0.47770700636942676,1.925153637058585,0.310580204778157,117.43788658866022,0.20989950834758592,0.31104033970276007,1.1562386531462727,0.49922958397534667,0.21019196711800933,0.6889596602972399,0.063,0.086,0.149,-1.217,72.3,3.781609195402299,87,0,1.711111111111111,587,1.3044444444444443,1417,3.148888888888889,0.1688888888888889,0.6,1.3248441074499364,0.440552016985138,197.91514260543073,0.21010100064270779,162,942
2025,USC,Big Ten,1.598739018950149,0.5277108433734939,218.17258128179017,0.5257170633296149,0.49287410926365793,1.035262776535416,0.45985401459854014,88.07418577984605,0.21429242282200986,0.48812351543942994,2.1922288449087355,0.3805309734513274,0.5201974268240015,0.2684085510688836,1.1184020116256115,0.5308441558441559,0.27957355856844357,0.7315914489311164,0.059,0.072,0.132,1.181,72.8,4.658823529411765,85,678,1.6496350364963503,501,1.218978102189781,1297,3.154744525547445,0.1654501216545012,0.7547169811320755,1.3420075991857778,0.49049881235154397,289.78193054038553,0.3441590623995078,136,842,1.5481129315478257,0.4182692307692308,68.74946470659417,0.16526313631392828,0.5110565110565111,0.8179759575842674,0.4751958224543081,50.87720985569682,0.13283866803053998,0.4705159705159705,2.1241993238787664,0.3305785123966942,68.74946470659417,0.33197770521068765,0.2972972972972973,0.8915440551488389,0.4982517482517482,0.07128937883877125,0.7027027027027027,0.05,0.108,0.159,-1.161,72.9,3.5303030303030303,66,0,0.9556135770234987,468,1.2219321148825064,1259,3.2879895561357704,0.16971279373368145,0.6976744186046512,1.1617150729526586,0.4484029484029484,121.11612935676357,0.14879131370609774,136,814
2025,Utah,Big 12,1.5284341537621429,0.46134020618556704,142.31224038140968,0.3667841246943549,0.40799158780231337,1.0804163316783502,0.5252707581227437,195.32930510534064,0.3525799731143333,0.5825446898002103,2.077235251153468,0.3937007874015748,0.5998522756170152,0.26708727655099895,1.0257547359039643,0.5322812051649928,0.25433137872026806,0.732912723449001,0.052,0.072,0.124,1.308,71.3,5.011494252873563,87,1055,1.904332129963899,761,1.3736462093862816,1961,3.5402527075812276,0.13357400722021662,0.8170731707317073,1.2489990066575745,0.4952681388012618,329.6314489747487,0.34661561406387875,147,951,1.6167585607088097,0.3333333333333333,-13.75755008497198,-0.032991726822474775,0.4664429530201342,1.1467140740065584,0.424507658643326,90.04195937690027,0.19702835749868766,0.5111856823266219,2.112114301056763,0.28378378378378377,-13.75755008497198,0.21693767615779574,0.33109619686800895,1.0931635164596336,0.4297658862876254,-0.006416758599872735,0.668903803131991,0.071,0.099,0.169,-1.117,73.6,2.930555555555556,72,0,1.7417943107221008,527,1.1531728665207877,1354,2.963676148796499,0.19693654266958424,0.7230769230769231,1.3441660557738826,0.3814317673378076,60.37633049998365,0.06753504530199514,153,894
2025,Utah State,Mountain West,1.5606514153219002,0.40898876404494383,117.0807996611676,0.2631029205868935,0.5079908675799086,1.1342894253865106,0.42206235011990406,75.44288533974624,0.18091819026318043,0.476027397260274,2.050308460784303,0.3020833333333333,0.33073293493763434,0.3287671232876712,1.1244297156143366,0.4642857142857143,0.14295500010643825,0.6712328767123288,0.048,0.113,0.161,1.281,71.8,4.486111111111111,72,724,1.73621103117506,519,1.2446043165467626,1203,2.8839328537170266,0.2014388489208633,0.6976744186046512,1.3481837456970784,0.410958904109589,179.3086253246244,0.2046902115577904,166,876,1.497816667519097,0.408203125,103.12293019535815,0.2014119730378089,0.5182186234817814,1.011885327017886,0.44805194805194803,91.46595411955781,0.19797825567003854,0.4676113360323887,1.8866700844967352,0.32432432432432434,103.12293019535815,0.3118054276567456,0.29959514170040485,1.0817131421263662,0.47109826589595377,0.1489434782660951,0.7004048582995951,0.062,0.072,0.134,-1.326,71.1,3.7682926829268295,82,0,1.5173160173160174,527,1.1406926406926408,1480,3.203030303030303,0.15800865800865802,0.7049180327868853,1.2648313091110948,0.4271255060728745,195.36329354653452,0.1977361270713912,167,988
2025,UTEP,Conference USA,1.6522744368395073,0.3123543123543124,7.46343982126431,0.01739729562066273,0.5437262357414449,1.2023996041720288,0.3556851311953353,18.471864013683383,0.05385383094368333,0.4347275031685678,2.165201093827072,0.2342007434944238,0.1827877190585225,0.3409378960709759,1.2232009115424294,0.3769230769230769,-0.07515990720351345,0.6590621039290241,0.079,0.107,0.186,1.295,71.5,3.418181818181818,55,406,1.183673469387755,354,1.032069970845481,739,2.1551020408163266,0.22740524781341107,0.6,1.4523360910170722,0.3282636248415716,10.086744680915556,0.0127842137907675,158,789,1.4622071654223103,0.4175,92.50063592409664,0.2312515898102416,0.45146726862302483,0.9647933653056542,0.3699788583509514,2.206113681583033,0.004664088121740027,0.5338600451467269,1.5250938983378417,0.27335640138408307,92.50063592409664,0.12490308940488758,0.3261851015801354,1.1197925263027002,0.4455611390284757,0.08909687981816863,0.6738148984198645,0.048,0.109,0.157,-1.493,69.3,3.8450704225352115,71,0,1.1585623678646935,484,1.0232558139534884,1219,2.577589852008457,0.23255813953488372,0.6190476190476191,1.2126006665658196,0.3893905191873589,89.28783008945919,0.10077633192941217,153,886
2025,UTSA,American Athletic,1.4837040112759616,0.4541387024608501,133.2509558542938,0.2981005723809705,0.5085324232081911,1.1488365024346163,0.4316546762589928,64.71142400215783,0.15518327098838808,0.47440273037542663,2.1307763648246176,0.3358208955223881,0.39318263160735545,0.30489192263936293,1.072498517878104,0.4844517184942717,0.12105383373267303,0.6951080773606371,0.057,0.103,0.16,1.546,68.2,4.226666666666667,75,882,2.115107913669065,450,1.079136690647482,1162,2.786810551558753,0.21342925659472423,0.7058823529411765,1.319247238668742,0.4391353811149033,179.3368376814345,0.20402370612222354,160,879,1.7773689481974357,0.3886138613861386,97.98059048021017,0.24252621405992617,0.4758539458186101,1.0301788555715246,0.3813953488372093,33.72369960654374,0.07842720838731101,0.5064782096584217,2.179452278963164,0.25838926174496646,97.98059048021017,0.2074835010951703,0.3510011778563015,1.1444943443834144,0.44646098003629764,0.09712089590534737,0.6489988221436984,0.072,0.112,0.185,-1.138,73.4,4.2,65,0,1.413953488372093,424,0.986046511627907,1181,2.7458139534883723,0.19767441860465115,0.6170212765957447,1.391218062534005,0.38044758539458184,115.34369697020715,0.13585830031826518,160,849
2025,Vanderbilt,SEC,1.565722949717478,0.5336538461538461,215.57182009941718,0.518201490623599,0.5129469790382244,1.2402633990375413,0.4791666666666667,124.9279912353597,0.3253333105087492,0.47348951911220716,2.026443935921867,0.463302752293578,0.7238398389239797,0.2688039457459926,1.214503225602629,0.5177065767284992,0.298404253804098,0.7311960542540074,0.048,0.08,0.129,1.357,70.5,5.0,82,840,2.1875,512,1.3333333333333333,1246,3.244270833333333,0.17708333333333334,0.7727272727272727,1.415498352421852,0.5030826140567201,334.7508073912577,0.41276301774507734,139,811,1.5363559172437327,0.4376321353065539,163.78400302744996,0.34626639117854113,0.5577830188679245,0.9302471613464389,0.39664804469273746,6.166038503827457,0.0172235712397415,0.4221698113207547,2.0353058704473974,0.31141868512110726,163.78400302744996,0.3670537299580964,0.3408018867924528,1.0589731115013459,0.4740608228980322,0.0999689077333867,0.6591981132075472,0.059,0.112,0.171,-1.247,71.5,3.9014084507042255,71,0,1.0865921787709496,390,1.089385474860335,940,2.6268156424581006,0.2206703910614525,0.725,1.3064940926425983,0.4186320754716981,161.96114738085302,0.1909919190811946,138,848
2025,Virginia,ACC,1.5054434802458163,0.41164658634538154,112.60882833186015,0.2261221452446991,0.4747378455672069,1.0717276722284832,0.42964352720450283,97.79300420188491,0.18347655572586288,0.5081029551954243,1.846335522547294,0.32344213649851633,0.34406112927661253,0.32125834127740704,1.0855107028709536,0.45646067415730335,0.09271926251901115,0.678741658722593,0.059,0.076,0.135,1.455,69.3,3.5625,96,675,1.2664165103189493,522,0.9793621013133208,1608,3.0170731707317073,0.1651031894934334,0.7974683544303798,1.2765934340799885,0.41372735938989513,181.96471547975437,0.17346493372712524,168,1049,1.5157732369074086,0.3581395348837209,56.84382443091432,0.13219494053701003,0.4858757062146893,0.9127642249979597,0.3904109589041096,21.466562015730723,0.049010415561029044,0.49491525423728816,1.863313327697449,0.23344947735191637,56.84382443091432,0.12865082690228938,0.32429378531073444,1.0318607754747464,0.43478260869565216,0.03246878039548529,0.6757062146892655,0.087,0.094,0.181,-1.167,73.3,3.014705882352941,68,0,0.815068493150685,381,0.8698630136986302,1241,2.834246575342466,0.18036529680365296,0.6792452830188679,1.2022195552879607,0.3694915254237288,56.33911799745726,0.06366002033610989,171,885
2025,Virginia Tech,ACC,1.6717213427492912,0.34523809523809523,55.497382801977096,0.16517078214874137,0.4375,0.9735230312361045,0.477326968973747,79.21732154989594,0.1890628199281526,0.5455729166666666,2.1324486531719637,0.26506024096385544,0.34106375694487484,0.32421875,1.01448466946269,0.4913294797687861,0.09059153797778217,0.67578125,0.066,0.101,0.167,1.183,73.2,3.6779661016949152,59,594,1.4176610978520285,522,1.2458233890214796,1400,3.3410501193317423,0.15035799522673032,0.6896551724137931,1.2443464231225405,0.41796875,131.94188368974278,0.17179932772101925,133,768,1.5553223547011261,0.46397694524495675,147.78283893184593,0.42588714389580956,0.45064935064935063,0.9729035738042066,0.4387254901960784,63.97352657535446,0.15679785925331977,0.5298701298701298,2.1062674135681387,0.33035714285714285,147.78283893184593,0.49987808915285115,0.2909090909090909,1.0308903930628992,0.4945054945054945,0.17321891518006066,0.7090909090909091,0.046,0.086,0.132,-1.434,69.9,4.342465753424658,73,0,1.0294117647058825,451,1.1053921568627452,1228,3.009558823529412,0.1642156862745098,0.7924528301886793,1.2622214963111194,0.44675324675324674,206.55021965855178,0.26824703851759973,127,770
2025,Wake Forest,ACC,1.8209546860314116,0.36803874092009686,108.19988935191707,0.26198520424192995,0.48023255813953486,1.1416794145747982,0.39588100686498856,43.2122407909943,0.09888384620364828,0.5081395348837209,2.4258957073552456,0.27972027972027974,0.3790432267103085,0.3325581395348837,1.1705850656006425,0.43031358885017423,0.04937647966505497,0.6674418604651163,0.061,0.094,0.155,1.425,69.3,3.2325581395348837,86,606,1.3867276887871853,441,1.0091533180778032,1207,2.762929061784897,0.18993135011441648,0.7413793103448276,1.477694702727151,0.3802325581395349,136.74846216688977,0.1590098397289416,168,860,1.5451972067584392,0.32842105263157895,47.91927824883745,0.1008826910501841,0.5118534482758621,0.9108000294480804,0.3816091954022989,3.172562983935988,0.007293248238933306,0.46875,1.9526502185307915,0.25077399380804954,47.91927824883745,0.13114818348032875,0.3480603448275862,0.9727584638314981,0.4099173553719008,-0.007457627330623027,0.6519396551724138,0.061,0.121,0.182,-1.437,69.3,3.238095238095238,84,0,0.7931034482758621,387,0.8896551724137931,1099,2.5273563218390804,0.25287356321839083,0.6451612903225806,1.2140084095173425,0.3545258620689655,37.84899872911926,0.04078555897534403,168,928
2025,Washington,Big Ten,1.4667402796033817,0.5012919896640827,143.00428380394573,0.3695201131884902,0.4685230024213075,1.0639672696365496,0.49065420560747663,115.22086671054612,0.26920763250127594,0.5181598062953995,2.052573295180898,0.3624454148471616,0.4239227860874315,0.2772397094430993,1.0517668453791804,0.5376884422110553,0.23863978629105592,0.7227602905569007,0.038,0.098,0.135,1.365,71.1,4.578313253012048,83,602,1.4065420560747663,551,1.2873831775700935,1380,3.2240654205607475,0.17523364485981308,0.7464788732394366,1.2573780714523055,0.4891041162227603,239.5462704297822,0.2900075913193489,136,826,1.541144029577362,0.3948497854077253,83.1283416960522,0.1783869993477515,0.5450292397660819,0.7763881833371971,0.3736559139784946,-12.799838460365683,-0.03440816790420882,0.43508771929824563,2.0871463510680512,0.2966666666666667,83.1283416960522,0.30711621724395105,0.3508771929824561,0.8825098168393101,0.4252252252252252,-0.07753204300445954,0.6491228070175439,0.07,0.075,0.146,-1.395,69.6,2.9295774647887325,71,0,0.7016129032258065,284,0.7634408602150538,1039,2.793548387096774,0.16666666666666666,0.6792452830188679,1.2123948985204114,0.38011695906432746,49.10458130571026,0.05743225883708803,139,855
2025,Washington State,Pac-12,1.400929404890654,0.4098360655737705,85.15162588429583,0.1994183275978825,0.4965116279069767,0.8475555534423088,0.4295942720763723,32.790552927968804,0.07825907620040287,0.4872093023255814,1.7995848319365781,0.275,0.1467006936459267,0.32558139534883723,0.9266593603730383,0.4844827586206897,0.11597133160927874,0.6744186046511628,0.065,0.091,0.157,1.353,71.0,3.9295774647887325,71,384,0.9164677804295943,378,0.9021479713603818,1159,2.7670644391408117,0.20763723150357996,0.703125,1.1144114869383805,0.41627906976744183,108.33956655424115,0.12597624017935016,148,860,1.37893729621566,0.3978779840848806,53.16070263157865,0.14100982130392217,0.476010101010101,0.8320181309559876,0.45226130653266333,34.325893505543924,0.08624596358176864,0.5025252525252525,1.901211830832704,0.2345679012345679,53.16070263157865,0.06142454430113993,0.3068181818181818,0.909919510271374,0.5009107468123861,0.10550145050418805,0.6931818181818182,0.046,0.1,0.145,-1.437,69.3,3.138888888888889,72,0,0.9748743718592965,448,1.1256281407035176,1191,2.991959798994975,0.18090452261306533,0.6949152542372882,1.0801112641026867,0.41919191919191917,72.84646059197624,0.09197785428279828,147,792
2025,Western Kentucky,Conference USA,1.500407956933399,0.4235294117647059,125.00163795165308,0.24510125088559429,0.5567685589519651,0.8616387898807729,0.4506329113924051,32.45878214304888,0.08217413200771868,0.43122270742358076,1.8544457432113994,0.3389261744966443,0.35100087102249156,0.32532751091703055,0.9831909127146079,0.48058252427184467,0.07636444448706578,0.6746724890829694,0.064,0.088,0.151,1.282,71.8,4.209876543209877,81,577,1.460759493670886,451,1.1417721518987343,1189,3.009113924050633,0.19240506329113924,0.8372093023255814,1.2042882440718339,0.4344978165938865,151.79148625770912,0.16571122953898376,163,916,1.530721376077853,0.3537832310838446,64.50555475796146,0.1319131999140316,0.5136554621848739,1.1294044066364548,0.3794642857142857,39.99210962430271,0.08926810183996141,0.47058823529411764,2.008683762235532,0.2616822429906542,64.50555475796146,0.22724043383580453,0.33718487394957986,1.1214428113761006,0.41679873217115687,0.02949668922518719,0.6628151260504201,0.073,0.088,0.161,-1.319,71.0,2.7195121951219514,82,0,1.9977678571428572,496,1.1071428571428572,1290,2.8787946428571427,0.20535714285714285,0.5517241379310345,1.3362216006331387,0.3644957983193277,91.55659016238637,0.0961728888260361,163,952
2025,Western Michigan,Mid-American,1.412408028113132,0.3734567901234568,29.46922496534264,0.09095439804118098,0.33820459290187893,0.8976331119308634,0.4533762057877814,74.34092280568466,0.1195191684978853,0.6492693110647182,1.888217191521072,0.2413793103448276,0.13842673146996431,0.302713987473904,0.8790514843614514,0.5014970059880239,0.08395472034576812,0.697286012526096,0.033,0.091,0.124,1.56,68.0,3.3522727272727275,88,678,1.090032154340836,633,1.017684887459807,1922,3.090032154340836,0.16559485530546625,0.7303370786516854,1.0534751868334846,0.42275574112734865,96.22550531726276,0.1004441600388964,160,958,1.438850067332017,0.3686635944700461,30.25149815500948,0.06970391279956101,0.48764044943820223,1.002250979049406,0.3922018348623853,30.40449868512676,0.06973508872735495,0.4898876404494382,1.7223880715402138,0.27722772277227725,30.25149815500948,0.10522852066024597,0.3404494382022472,1.0620054021498953,0.42589437819420783,0.025540682570344923,0.6595505617977528,0.06,0.114,0.173,-1.201,72.7,2.8333333333333335,72,0,1.3371559633027523,478,1.0963302752293578,1216,2.789908256880734,0.1720183486238532,0.723404255319149,1.2280896663079395,0.3752808988764045,46.876622428847,0.052670362279603374,165,890
2025,West Virginia,Big 12,1.645541365364844,0.32951289398280803,43.71960342478996,0.1252710699850715,0.41058823529411764,0.9385980981135906,0.40408163265306124,18.256780945743344,0.037258736623966004,0.5764705882352941,2.114212858989954,0.25193798449612403,0.22352694276810767,0.3035294117647059,0.9851818611312295,0.42567567567567566,0.004668711145170365,0.6964705882352941,0.057,0.104,0.16,1.269,71.7,3.53125,64,482,0.9836734693877551,462,0.9428571428571428,1361,2.7773469387755103,0.19795918367346937,0.6623376623376623,1.2166866398719773,0.3729411764705882,60.43382823211263,0.07109862144954428,157,850,1.7557178411819843,0.42962962962962964,142.6402047054611,0.3521980363097804,0.4633867276887872,0.989510018433318,0.378021978021978,6.206998081037482,0.013641754024258202,0.5205949656750573,2.1514543620799076,0.3310580204778157,142.6402047054611,0.42750714954227687,0.3352402745995423,1.100066791426069,0.43373493975903615,0.022878208209189645,0.6647597254004577,0.059,0.119,0.177,-1.481,69.1,3.902439024390244,82,0,1.1648351648351647,434,0.9538461538461539,1097,2.4114285714285715,0.23516483516483516,0.6612903225806451,1.392286259487451,0.39931350114416475,138.5518337854263,0.1585261256126159,153,874
2025,Wisconsin,Big Ten,1.4042816985851474,0.38513513513513514,7.085528873003614,0.02393759754393113,0.42165242165242167,1.0363208454002337,0.3594936708860759,24.700276315482085,0.06253234510248629,0.5626780626780626,2.024302388795405,0.25663716814159293,0.20516957953088635,0.32193732193732194,0.9554541840182424,0.4180672268907563,-0.06435108788377211,0.6780626780626781,0.066,0.117,0.183,1.282,71.7,2.282608695652174,46,268,0.6784810126582278,344,0.8708860759493671,1135,2.872658227848101,0.1848101265822785,0.7,1.196672845018536,0.3660968660968661,15.73720714130479,0.022417673990462666,127,702,1.4022759572049255,0.44591029023746703,118.44295851282806,0.3125144024085173,0.5080428954423593,0.8069390344679657,0.45454545454545453,16.279375057916976,0.04624822459635505,0.4718498659517426,2.0260131759252626,0.28444444444444444,118.44295851282806,0.32876652624490366,0.30160857908847183,0.9218879932658166,0.5182341650671785,0.10510294428662069,0.6983914209115282,0.039,0.09,0.129,-1.322,71.3,3.1343283582089554,67,0,0.8948863636363636,318,0.9034090909090909,964,2.7389204545454544,0.2159090909090909,0.7391304347826086,1.133456890541878,0.4477211796246649,128.7311023784327,0.17256179943489638,131,746
2025,Wyoming,Mountain West,1.3616038651313405,0.3872549019607843,48.05690948300057,0.11778654285049159,0.5030826140567201,0.9602602838280513,0.38082901554404147,5.014236050765251,0.012990248836179408,0.4759556103575832,1.7981478629994225,0.2491103202846975,0.14855564910955554,0.34648581997533906,0.9822395859548919,0.44716981132075473,-0.00426663417352677,0.6535141800246609,0.087,0.1,0.187,1.074,74.5,2.9019607843137254,51,410,1.0621761658031088,426,1.1036269430051813,1072,2.7766839378238344,0.22279792746113988,0.5581395348837209,1.1682773038477816,0.3785450061652281,39.48282128781592,0.04868411996031556,144,811,1.5884625384936584,0.36538461538461536,47.93231158075381,0.1316821746724006,0.44336175395858707,0.9268984745003392,0.3972911963882618,31.93335788005089,0.07208432930034062,0.5395858708891595,1.954952446118617,0.2669039145907473,47.93231158075381,0.1809997628365248,0.34226552984165654,0.9744873407313368,0.4351851851851852,0.010584428498506344,0.6577344701583435,0.055,0.076,0.13,-1.386,70.1,2.769230769230769,65,0,1.1399548532731376,485,1.0948081264108351,1318,2.9760722347629796,0.17155756207674944,0.7446808510638298,1.211696640421808,0.37758830694275275,56.576524746256894,0.06891172319885128,142,821
